StartDate,EndDate,Duration (in seconds),ResponseId,LocationLatitude,LocationLongitude,Q0,q1_dislike_groupdiscussion,q2_comfort_groupdiscussion,q3_nervous_groupdiscussion,q4_like_groupdiscussion,q5_tense_newppl_groupdiscussion,q6_relaxed_groupdiscussion,q13_nervous_newppl_convo,q14_nofear_speaking_convo,q15_nervous_convo,q16_relaxed_convo,q17_relaxed_newppl_convo,q18_afraid_convo,q26_public_transit_3months,q27_public_transit_dayuse,q28_rideshare_3months,q29_rideshare_dayuse,q20_license,q21_car_access,q_advice_text,q_transport_pref_text,Submission id,Started at,Completed at,Time taken,dem_age,Total approvals,dem_sex,dem_country,dem_student,dem_employment,group_apprehension,solo_apprehension,biggest_fear,public_transit_count,rideshare_count,highest_transport
2025,2025,11,d021b2e6eda401f795faddfa3d7bd5e559fa458b973b113e4ff6643b6da61d34,42.7805,-89.4923,NA,NA,NA,NA,NA,NA,NA,NA,NA,NA,NA,NA,NA,NA,NA,NA,NA,NA,NA,NA,NA,NA,NA,NA,NA,NA,NA,NA,NA,NA,NA,NA,NA,NA,NA,NA,NA
2025,2025,36,1cab4557741ee763d960a629350156b8590462a6d6188b567ce062c1c6623ce9,36.7595,-95.2947,6ac07c3845b0ce5cac4ab3569ea70236b7cfa8fd51576e12226279a282182dcb,2,1,2,2,2,2,2,2,2,2,2,2,0,1.5,0,1.5,NA,NA,NA,NA,f3943bf594d541b81fbde88288600739a47ee97b0524c13d98e88925561b03fc,2025,2025,63,39,700+,Male,United States,No,Full-Time,1.8,2,solo_apprehension,0,0,NA
2025,2025,74,7bbf0ccfea1454bac9a4d4ffa0d079dbff840fefad510de4dc8ff510faea7500,51.9759,-1.8685,c67b3266ecd4af12979c1f67d1efffd0d3e9bfbc567d211e5b7a0724b7890b7d,3,1,1,3,1,1,1,1,1,1,1,1,0,1.5,0,1.5,NA,NA,NA,NA,0799215a062ddef149fa49bfe069e3ff2b4b79f08f5b015bdc6ab351aad1ef4a,2025,2025,85,61,700+,Male,United Kingdom,No,Other,1.8,1,group_apprehension,0,0,NA
2025,2025,43,d45604a6be40d49805f97577fa2b8bcb3680362324ab83deac9bb9b9b44c63dd,43.6362,-120.2847,9c5b42df3203a81a70ea12998f2d28fee1d90d78f8eafd0013b83f48717c60e9,2,2,4,4,4,3,4,4,3,3,3,3,0,1.5,0,1.5,NA,NA,NA,NA,b5ee447916c6e86a0d40fb2f55eaad40ab43137efe45b7a7e9315ba575f55fe0,2025,2025,283,31,700+,Male,United States,No,Full-Time,3,3.3333333333333335,solo_apprehension,0,0,NA
2025,2025,69,d3c37726e9c85e91e853c4e2d445f4d1a36766de6395cefc94944d78a69a8950,43.0284,-82.9864,8fd5d407c80b93e07e303f68d4e9a359915c598c244a3cb6afa0e9b5c331f2aa,2,2,3,2,3,3,3,4,2,2,2,2,3,1.5,0,1.5,NA,NA,NA,NA,fbd66de9b2d0670e12cea181c97fa0bec80b2a6456756941cbb63af44062e09e,2025,2025,79,35,700+,Female,United States,No,Other,2.4,2.5,solo_apprehension,4.5,0,public_transit
2025,2025,72,91002b8546f7fd9a058243a547d255cb9806e68fa601776227c4a97e517b5848,45.9735,-122.8741,68e9369695b661f480a52f3a8817f34c706e69682e9555d10b612e51172ec07d,2,2,2,2,2,2,2,2,2,2,2,2,8,3.5,3,1.5,NA,NA,NA,NA,fea9542dca42476745040ed124c1c6696403771e101cd3f60068569d44373586,2025,2025,88,52,700+,Male,United States,No,Full-Time,2,2,NA,28,4.5,public_transit
2025,2025,85,079a66917f9e69d4565f7a1e06bf7a1ca88effbe099e138829a3aed0f8e70d63,43.020599999999995,-77.0992,6eda5ee338b7e3ec883c9b0abc31cec1cb49eebd663ce53608737dd7e917e2bd,4,4,4,5,5,5,4,4,2,4,4,3,0,1.5,0,1.5,NA,NA,NA,NA,46d093cf1ef5592928ea6199a4e52bc01af7fff83540bad086afeb0b9fc20a2f,2025,2025,98,42,700+,Male,United States,No,Full-Time,4.4,3.5,group_apprehension,0,0,NA
2025,2025,77,3f4aebb91caed23014db7b69b44c1149414bf389209216e31ffb4d6fd541b737,39.2499,-121.6151,506fb95b78aa3d050d5a1400de996c6ff4ee098b28a247b202c4e9603e0bb30f,2,2,3,2,3,3,4,3,3,3,2,3,0,1.5,3,1.5,NA,NA,NA,NA,25fc5f26fa1fa20341d25f752a8a80e7c0a93757545f04fd2e4bced71fca1355,2025,2025,104,30,300-399,Male,United States,No,Full-Time,2.4,3,solo_apprehension,0,4.5,rideshare
2025,2025,71,fb19b7f87eb7729277ebd379d15fcbbc3de04fe96723c8146d412bb4d5abe1e6,40.9726,-73.9466,e016f6176ab1858386b30c35d540459c50cb23634fe0ca1180801474966f44a1,1,1,1,1,2,1,2,1,1,2,2,1,1,1.5,3,1.5,NA,NA,NA,NA,042f3fc9c0e1eacdd50063e2e7be5ae758f53fe74cbdb1a36e0cc6e8db5a609d,2025,2025,114,48,500-599,Male,United States,No,Full-Time,1,1.5,solo_apprehension,1.5,4.5,rideshare
2025,2025,117,d6363c1da690391ed0eee4cef9991675da95bb611254242082c884712bfd0867,36.8237,-81.213,1cefb8d34b92489e8ffd9cf34c469964f0527b1cae33e00a8a52f4aef0d66679,1,1,2,1,2,1,2,4,2,1,2,1,0,1.5,3,1.5,NA,NA,NA,NA,f49783f27606316e1e3a590e7403eab417b5612c2faeaf1a8196f7564e564d5e,2025,2025,142,45,700+,Male,United States,No,Full-Time,1.2,2,solo_apprehension,0,4.5,rideshare
2025,2025,113,680ddd639e2de79d413c8fec18590f7133207203c5a1e520179264fe10918219,32.8088,-79.606,8b18183122f0ff05f1e8d91d221d64f2c42a93cbe76493b2b687865c2bd75615,1,1,2,1,4,4,4,1,2,2,1,1,1,1.5,1,1.5,NA,NA,NA,NA,314f713f08d6610f91c7fa17b5dd8a49a28f17d30d1b24da490729d3e94225d2,2025,2025,131,42,100-199,Female,United States,No,Full-Time,1.8,1.8333333333333333,solo_apprehension,1.5,1.5,NA
2025,2025,84,a541da8db874e6c01595edfb1801c911c88e55ee781afac22b09274a3e5f4985,35.0859,-88.3867,137ea28d8a52bd0c74770beb8bbc58d714e271ac863185ae0fb5848cbdd8d4b7,4,2,4,2,4,2,4,4,4,4,4,4,8,1.5,3,1.5,NA,NA,NA,NA,e30b1a0ded626eeaa5b9c0c2ec0a1ca6a91d0d1623c59ec718ded9550406a2ee,2025,2025,115,36,700+,Female,United States,Yes,Other,2.8,4,solo_apprehension,12,4.5,public_transit
2025,2025,63,42451b5437997bc7acc28de63feadf7175126848cfcf1be519a679946a08c0cb,42.0725,-97.1292,e0c7f7fdb941d16c191a2c26f534fa43364445ac13d977c415289f443db4a1d8,2,4,4,5,4,4,3,3,2,3,3,2,0,1.5,0,1.5,NA,NA,NA,NA,37af8a4e68a5f8d143b01587b84e723bab8b063de8dd2d9a528dac0896591442,2025,2025,88,53,700+,Male,United States,No,Full-Time,3.8,2.6666666666666665,group_apprehension,0,0,NA
2025,2025,87,0fde7e56e5d279afd27a55d34f8d2b77cad0dd60d8794da1cdb00d642a275b1d,34.536500000000004,-116.728,76d05dd5ad4b4e56b6bcf3332a5176a5e7d9447a037db50a9ae6cbeb2925abdb,1,2,2,2,3,2,3,4,2,1,2,1,8,3.5,8,1.5,NA,NA,NA,NA,2feea1c8c3977b21264fcd1266b378607da66090c73b7f3c1283de3c76f9b0f7,2025,2025,127,34,700+,Male,United States,No,Full-Time,1.8,2.1666666666666665,solo_apprehension,28,12,public_transit
2025,2025,57,4fa4485dff84ca9ddfe7202bc46b76ed857f22bcd8c7bec75c3969457c2380bf,33.9156,-83.4325,d1085bc24a7fe88b0d48a1501dbcd444ede1c0f1f134a5a05898a6bc84d7cf18,4,4,5,4,5,4,5,5,5,4,4,4,0,NA,1,1.5,NA,NA,NA,NA,00b8bc896af1cd527766190ea49b604ec91b1d6a6904e32987770553fac6bcf0,2025,2025,96,37,700+,Female,United States,No,Other,4.2,4.5,solo_apprehension,NA,1.5,NA
2025,2025,66,c91a467a97ed603c46c2aca1b959e49a8292b33680780f896aa4e635bb4baa52,47.4291,-92.5238,ca7c0b1f54ed53340b4a2e3adc2e5cb5284bd9541ec49cfd4ed9c42418fdc077,1,1,5,1,4,2,3,2,3,2,1,2,6,1.5,6,1.5,NA,NA,NA,NA,1760b3d50f930fb7aa7392a4a412ee778b6b1c465b149fcc10a246cc79436088,2025,2025,87,26,0-99,Female,United States,No,Full-Time,2,2.1666666666666665,solo_apprehension,9,9,NA
2025,2025,78,599876620b911ec5ba7f8960bfbf485aaef6e0b281060e2a9e4236f165390efa,44.47,-92.6027,4d2636ad20c055a0424fc4b05384b67c0fddd7345505b86e42f37e936deadea9,2,1,1,2,1,1,1,1,1,1,2,1,1,1.5,1,1.5,NA,NA,NA,NA,5e7aee2c97607a063ab1d6c3c1e22ee69348390ccca46b4e3ad91376cc70a752,2025,2025,90,65,700+,Male,United States,No,Full-Time,1.4,1.1666666666666667,group_apprehension,1.5,1.5,NA
2025,2025,80,f9eccfc96e1737935118ade894edce866957400fa2e3da4dae38eaced08dff4d,33.833200000000005,-111.9048,8ec2aa78954708560b4a0131051b6fa636a8043865e3ef2fe094bd5c09f71042,1,1,1,1,1,1,1,1,1,1,1,1,3,1.5,6,3.5,NA,NA,NA,NA,1c7c61a063ef47590d03a222284ef46dcf11fe190cf39276bd65fc5dca785f0d,2025,2025,129,42,100-199,Male,United States,No,Full-Time,1,1,NA,4.5,21,rideshare
2025,2025,68,66a2ee6c4d2f7cb02f5901319dacabfc1977e1639dce60cbe79dc37e2ce35b3d,34.7196,-81.5487,b6954799ca47bc836ac02ab86e4710c3b0e096d7ace449b81aaa1d5845431821,3,3,3,3,3,2,3,3,3,3,3,2,0,1.5,1,1.5,NA,NA,NA,NA,91d238c88316a444585278049cc9bdedb871414ebdb0dd9b967e3908efc5497a,2025,2025,110,41,700+,Male,United States,No,Other,2.8,2.8333333333333335,solo_apprehension,0,1.5,rideshare
2025,2025,115,b8565f331e655a129b9214b9c516717b6e71468a234eb40e833f8cec9ae1d46d,38.8969,-77.6803,0f875094985719584b30014d70892ff6e6fec6010cf00e3f6818f1b1233ad913,2,2,2,2,2,2,2,2,2,2,2,2,3,1.5,1,1.5,NA,NA,NA,NA,ae10c3f9b42d02c862d223f8c9c27c7161722bd79b73e5894ef991063d6742eb,2025,2025,145,40,0-99,Female,United States,No,Full-Time,2,2,NA,4.5,1.5,public_transit
2025,2025,90,e98b404e2836bca62fdd682cafcbe3581ba3fe7ad56d4f968ae7bf2843211281,42.7086,-72.60310000000001,aac87b1d9f02e48da0b94297f1353bec2c0057d8ca6e15616562b9303d3aec69,2,2,1,2,2,1,1,1,2,2,2,5,6,1.5,6,1.5,NA,NA,NA,NA,f70e32cd5ec46d86b9fd76ee8f5a533bfe244e71205b51915cb73c2db4238346,2025,2025,248,39,700+,Female,United States,No,Full-Time,1.6,2.1666666666666665,solo_apprehension,9,9,NA
2025,2025,93,9d535518f5f8b7677aa0b6419e2b4a6df9e236cbd441edd66bdb82b3e6eea0fa,40.5103,-74.7953,bf717b718324d175a28000b02af82bcee0a92a5c8a79810cd3b568c7f10d1ca3,2,2,2,2,2,2,2,2,2,2,2,1,8,1.5,6,1.5,NA,NA,NA,NA,417b1fbb22bca163d790fa21da6488774a43b050fd88e8a2ed177d02cea76e28,2025,2025,116,23,100-199,Female,United States,Yes,Full-Time,2,1.8333333333333333,group_apprehension,12,9,public_transit
2025,2025,107,0db9343f6306b40a638dbabcdd0c610c5e9ba8f25b6c71fc60b1078b469e2706,38.642,-87.6614,d2af37fe6b096a9432f93581a6efd91214c2a8c619c9ec97e02e964e966643c3,1,1,1,2,1,4,2,2,2,2,2,1,3,1.5,3,1.5,NA,NA,NA,NA,7dc65a5159015413256b5a4e6c2279b7a3c34808edfbd8d1ddcbedf4dca18ded,2025,2025,116,38,700+,Female,United States,No,Full-Time,1.8,1.8333333333333333,solo_apprehension,4.5,4.5,NA
2025,2025,101,b356f795510cef659cbcde1c09ce563f8e81eaf09e7f4633342a534c53dcb593,43.3219,-83.0244,59dea5c3f2e3276aab6f50041b86f8e020c35d1c81db330d765202feb0dd6b4c,NA,5,1,1,2,1,2,1,2,1,NA,5,6,3.5,6,1.5,NA,NA,NA,NA,d9ba31cda2734b39d1ebc3acf161014eb6c46a1405112f12040d41b131e32cc6,2025,2025,131,28,200-299,Male,United States,Yes,Full-Time,2,2.2,solo_apprehension,21,9,public_transit
2025,2025,61,d82c27fccedaad8ac7606abd55674e019ee1d8e60026d704c39fcf740fa263df,39.8503,-75.8253,74cdd143e43b6f3acdefaab72f024f252daf345eea4ef641ec4418114fb420d0,3,3,3,3,4,3,4,2,3,3,2,4,3,3.5,6,5.5,NA,NA,NA,NA,3839d1d77bd132fc1c1306834c5e4c9a6b1535a4fc618602b7fa3117ffedfd65,2025,2025,117,32,100-199,Female,United States,DATA_EXPIRED,Full-Time,3,3,NA,10.5,33,rideshare
2025,2025,165,8b2aab2671fd48447585f0ceda69225e04532834db25654d756029247fadfc6f,33.415800000000004,-119.0493,ebab12e9878344fdc93a8c1cad27ff2f709e12b90f0496de3332f508f3b2b9c9,3,2,2,2,3,2,3,2,3,2,2,4,3,3.5,1,3.5,NA,NA,NA,NA,c4ab54135f26292de9faf6a1043ba0817e8c2fb29cd0500caaca3c58dc4ba08a,2025,2025,188,36,700+,Male,United States,Yes,Part-Time,2.2,2.6666666666666665,solo_apprehension,10.5,3.5,public_transit
2025,2025,98,5af3b9f112f114a24daff3203d8f508431e26272b2b1376312d6f02dc501431b,40.3603,-76.2653,101776c41cd2dbbac39a0721e0a6543cace6154f90cebb6f81fe9023487b2520,2,2,2,2,4,2,4,1,2,2,2,2,8,3.5,8,3.5,NA,NA,NA,NA,cc5e18ed341da8d7752516dc38582a48d7fa882e029aebc9ec73072bb2253dff,2025,2025,103,60,300-399,Female,United States,DATA_EXPIRED,Full-Time,2,2.1666666666666665,solo_apprehension,28,28,NA
2025,2025,104,a79d05252b77c5e62ee23ba8e9025070b5d1fde4a17aa265ad88f0612fc08c1d,41.3514,-75.8519,be2320c1076e2b66cb5cad7a6f8b704b80d4a32b864889e7791a0b35dda0dde0,1,1,2,1,2,1,4,3,2,2,2,2,1,1.5,0,1.5,NA,NA,NA,NA,a7162c32da7789433c35c321502b63ba3a50cbc8807bfc1912491799942ea908,2025,2025,127,34,500-599,Female,United States,No,Full-Time,1.2,2.5,solo_apprehension,1.5,0,public_transit
2025,2025,89,755ddef33648d9a652dec2ca6fc0f7793a67467af2f16cc88a13b7443cf43ced,42.2047,-76.5511,2ec6d46dd4fd933499847e83eb4d8322bca18d5440e8a5967652996718052950,2,2,1,2,3,2,3,2,1,2,3,1,0,1.5,0,1.5,NA,NA,NA,NA,f4a68544e785ea8ce216fd53379c1390c60459812441533f9d7d95a9d2d8956a,2025,2025,149,60,700+,Male,United States,No,Other,1.8,2,solo_apprehension,0,0,NA
2025,2025,106,a92307155683f2452d2b2c4e0fb5d67ecd0b025535f161103581e3de08b6b332,33.524100000000004,-85.0535,aaa6f524430a151ba1346063fefcec7823ad279947861eb5b31ce4da9889eb92,2,1,1,2,1,1,1,1,1,1,1,1,6,1.5,6,1.5,NA,NA,NA,NA,6c6f5ceb0a16d7879c3dabbc42e574ff4a2d9a4a5b80af5e33af7ed3f0725b30,2025,2025,131,37,700+,Male,United States,No,Other,1.4,1,group_apprehension,9,9,NA
2025,2025,143,f3bce1d55c72a56cb5ee44107e3945ff8289eb1b4df1298e63af48622a6a5934,41.2335,-87.9005,10411c7dda46b02f1668814bf8cd9b0170f92c9a06e017120a022e6bb09da73e,3,2,3,2,4,2,4,2,3,NA,1,4,1,3.5,3,1.5,NA,NA,NA,NA,2ec6ad32d3dbecbbaab6a40be0cea25ff8bf70f9e1dfe2ba9854918db5ca4bf4,2025,2025,160,24,200-299,Male,United States,No,Full-Time,2.4,2.8,solo_apprehension,3.5,4.5,rideshare
2025,2025,127,58e752ba9545ebf7add9b43d7205144f72539c818c76341f89611566ab07e717,37.761,-98.362,b9ad8be6896c5bf2e3e72e773516d1d7911573c33e92e9b20544cb4f9b4ff13a,3,2,4,2,4,3,3,3,3,3,3,3,8,3.5,8,1.5,NA,NA,NA,NA,badc26643122dcc9a04a2a4b60364509e6bec10512bed2e7b79b2a311bc579a0,2025,2025,175,23,100-199,Female,United States,Yes,Full-Time,2.8,3,solo_apprehension,28,12,public_transit
2025,2025,111,7175e198898c5f0ba68002abe5c33fb14796723e78011694518f55e665ed0953,33.8658,-118.2893,1bd40f32f179f589604b8c5ce7c98f245da1456225ba20692e14c9bc6a7124fb,2,1,2,1,2,2,2,2,2,1,2,2,3,1.5,3,1.5,NA,NA,NA,NA,0d6337be23b1d14bf87e043039e28e525c1bdcdfab4ab19aa14ccb8a0f3f30da,2025,2025,310,33,100-199,Male,United States,No,Full-Time,1.6,1.8333333333333333,solo_apprehension,4.5,4.5,NA
2025,2025,121,c86b7983a2d6da398320ac535e99499ae58f59842b0c4812b2d30598d203c5ca,52.1281,-0.9978,da338b6255829f37c0b15b3eb7305edf61ff79a55f4009646a21f15feee1f0e1,2,2,2,1,3,2,2,2,1,2,2,1,8,3.5,3,3.5,NA,NA,NA,NA,a37eb3ad1bc63179e145b5d580d7d8a117acb4c8a42c00bb7ae602ebd45cf184,2025,2025,142,29,300-399,Female,United Kingdom,No,Full-Time,1.8,1.6666666666666667,group_apprehension,28,10.5,public_transit
2025,2025,141,418b9b19f801ddd9d96933dc471ad4d0ada8c0894b4683bb2a472634c4d7b024,33.5088,-79.276,39c71c1496e7a0223fa78a11a39fb94c9bd542b60b9835bad6c71e04d8c985f5,1,1,1,1,1,1,1,1,1,1,1,1,6,3.5,6,3.5,NA,NA,NA,NA,68f926955a0ab32cd482d846485321d47448eadca9dfcd046d864098144e105a,2025,2025,154,28,100-199,Female,United States,No,Part-Time,1,1,NA,21,21,NA
2025,2025,122,97315bca01244ecf619ece520dac92f0577a5ed29b1153659215e7e671816fd6,36.2586,-86.5942,a6be4ac159b038e6b53160afc668852bcc6da4cca25de4bae3aab83cc483ef78,5,2,4,4,4,3,3,2,2,3,3,3,0,1.5,0,1.5,NA,NA,NA,NA,b633c5bc856fd5cba0299d212402348f72e80abfe333a3e12f10a9e00a09589e,2025,2025,158,43,500-599,Female,United States,No,Full-Time,3.6,2.6666666666666665,group_apprehension,0,0,NA
2025,2025,118,b151b31998a59390370fef3d23b5d5d9e074bbb66f284cd5c0cc5a197acf7984,39.990300000000005,-73.1614,b84da9244bc40253f8033bc91bb13f3c5081e69f45392c285bb267e08da2cc98,2,2,2,2,3,2,3,3,3,2,3,2,1,1.5,3,1.5,NA,NA,NA,NA,a26f9eee1440d0ecef8b6ad2b400950bd2fbc9340cd11716030a7a951822b034,2025,2025,142,29,0-99,Female,United States,No,Full-Time,2,2.6666666666666665,solo_apprehension,1.5,4.5,rideshare
2025,2025,142,514db03574f8c387122988c9a8e596ef9e25d92a13c897d17f396cefed619615,33.3897,-96.5622,653c90b7ddf25ea2f906f8b0191b3ad45defad3d7b12db0e62c5bdf01fd51dc2,1,1,2,2,2,1,2,1,2,1,1,2,6,1.5,3,1.5,NA,NA,NA,NA,d4b0f247d4553d2bfd9f2c179561134e609a46edeb087d6444b481be7d2d74e9,2025,2025,221,51,200-299,Female,United States,No,Full-Time,1.4,1.5,solo_apprehension,9,4.5,public_transit
2025,2025,72,ed36b71d4426c3cae4611b4182913a1a3152936b2aa619df2c1fc7c250261def,37.1881,-91.1624,721370b37fe5dcec328251fc066ada21bb9e17724420f9bc3392bce880fb2c32,2,5,1,5,4,5,4,4,4,4,4,4,0,1.5,0,1.5,NA,NA,NA,NA,66796ed5edc1611b87f10dce7db401e6ee19efc85bdf0cc62ac226cbd715a657,2025,2025,87,75,700+,Female,United States,No,Other,3.6,4,solo_apprehension,0,0,NA
2025,2025,159,023587bc883a8151b1a6825d136d01345055867652f9ffa1e2589f0ab5759ab1,46.8422,-122.4057,2ff0a9ce8058a553d54c6b0e76fd5c463e5e760eb77d9fb88139f815753a6bbf,1,1,2,2,2,1,3,5,2,1,1,1,3,1.5,3,1.5,NA,NA,NA,NA,af134e97938e00b394f2afe5550cd5c5bcfde03296ee7d17130d9b5f819e205c,2025,2025,193,53,200-299,Male,United States,Yes,Full-Time,1.4,2.1666666666666665,solo_apprehension,4.5,4.5,NA
2025,2025,166,8efaeab0fba6a577495871ee89578fbc1befa2ce41558da3f018b61755623b7f,39.8258,-74.9942,fed6f5638289a28859c9481746f14a0b397c7a7ec7233e1d48a7aecb3533a38f,1,1,1,1,1,2,2,2,2,2,2,4,3,1.5,1,1.5,NA,NA,NA,NA,5da89a1049f89c9ade40dcfbff4ce4173a4955cc5de735a52b4cc84e4dbf859d,2025,2025,176,32,700+,Male,United States,No,Full-Time,1.2,2.3333333333333335,solo_apprehension,4.5,1.5,public_transit
2025,2025,132,5ba8bbc2e68d610bf94bb9fdd2a8ac7d82746cd16abedc22e68826cfe0072581,37.4528,-77.61,8312fd61bd323a93df5b3fe6d112f157b7f2a8a5ebaa37269f811eb4f3a73a75,1,1,2,1,2,2,3,1,2,2,1,2,8,1.5,6,1.5,NA,NA,NA,NA,12c614b250cbe7206a87303d91d2419651b3dd3c974859bfa4bcf0476f73ac7d,2025,2025,190,37,700+,Female,United States,No,Full-Time,1.4,1.8333333333333333,solo_apprehension,12,9,public_transit
2025,2025,120,34a5398035f9a605a65ea72b017fc9c58c67925353963c1de2589339c127b455,37.690999999999995,-97.122,844eb500254d91c59c46b13b4e2c9bb9c2bd487a3dfea1240570cee252a1b229,2,2,4,2,4,4,4,4,2,2,4,1,3,3.5,6,5.5,NA,NA,NA,NA,0a4eca0dfe134b597ce53ac9b347282e639679048d9960f5673180b00393d460,2025,2025,170,24,100-199,Female,United States,No,Full-Time,2.8,2.8333333333333335,solo_apprehension,10.5,33,rideshare
2025,2025,157,61f0955481fb19b800e94ada517559ff0caf31f9106c9f1480911d60893e40b6,42.8213,-90.6123,d6b8f91f1ef8af43817f23dd88988f6e914ce0de8b386d748aa89d0434168f84,2,2,4,2,4,4,2,2,2,2,2,2,3,1.5,0,1.5,NA,NA,NA,NA,8a13e44bc1750da3cc6cd156136a9cf704e409574aeb6b578669e08c5fc75580,2025,2025,183,67,700+,Female,United States,No,Other,2.8,2,group_apprehension,4.5,0,public_transit
2025,2025,112,6aa544e2285ee7d60a7d16128750e002a49e67e4b2bc6e6d3046c92e2d1cdffa,27.9136,-80.5338,62faa876fdb62afd705635c6e391f5a93c242a1f6847b955507f5621bfea46cf,1,5,1,1,1,1,2,1,1,1,2,1,8,1.5,8,1.5,NA,NA,NA,NA,80879cc99c395d252b2e0a9caeacb72a3c9c92401346a95b6f2394f526e34d22,2025,2025,132,23,300-399,Female,United States,No,Full-Time,1.8,1.3333333333333333,group_apprehension,12,12,NA
2025,2025,116,ad69346b6070e33333f74e5bc194ef2e19be23c263cc4bdc4608146f095e61d7,25.4201,-79.73280000000001,7f46795118cb1b4298784da138d49291cb3d0a15280330dcc1c43cfae11585ff,3,2,3,2,2,2,3,1,1,1,2,1,3,1.5,1,1.5,NA,NA,NA,NA,445c9e90a689ceabd54de10f04b1681492300918bbdb4be6031e946b42f23357,2025,2025,281,39,700+,Male,United States,No,Full-Time,2.4,1.5,group_apprehension,4.5,1.5,public_transit
2025,2025,206,308b69c5c5bf60d403221bbd51129dffc48f89ac6c0cc932503c4b1988a03317,37.2317,-80.43339999999999,16de84084b9fa11f26ac309c29d6fe7e89d68a8c268edea598e0a1a1f84baf39,2,1,1,1,2,1,3,2,4,1,3,3,6,1.5,3,1.5,NA,NA,NA,NA,a17d650293726b3712dbbf17215346a7402b490b5d092793d361b0365bc826dc,2025,2025,209,64,100-199,Male,United States,No,Full-Time,1.2,2.6666666666666665,solo_apprehension,9,4.5,public_transit
2025,2025,191,69efa496fd8deae1315c28da7fa8d05788b020ee5a3fe64c9689328a7edf3688,33.3868,-80.2801,0fdc6e687766a7396a68cc21eb12884503ee2d031b7e1ab775849c700747fb74,1,1,2,2,2,1,2,2,2,1,2,2,8,1.5,6,1.5,NA,NA,NA,NA,b2215129e5556ff2bfa188313a75d8492019f1ded4c91443eb82b3b0dd352a02,2025,2025,213,33,300-399,Female,United States,No,Full-Time,1.4,1.8333333333333333,solo_apprehension,12,9,public_transit
2025,2025,186,3a857ba5bd0ca9804501e6ee7a27395fe89c30ab1539c259ff0db853d5623792,34.695800000000006,-117.5193,11a8acd6b682cba72759531d67320de19d6f671131ec26dae4f8c459caf26c97,1,1,3,1,2,3,2,2,2,2,3,1,3,1.5,3,1.5,NA,NA,NA,NA,e6f089e1c613869df5dbd4abe9b0d7995e9c479622e12ff86c7f4da2e0b082da,2025,2025,223,41,200-299,Female,United States,No,Full-Time,1.8,2,solo_apprehension,4.5,4.5,NA
2025,2025,194,4a4c8c76c893c57a32debabedcdb114ed4afc866ca3cc0baf8ad72506f1b1a79,42.1847,-82.1882,0689a39664b0e2e55ae5b5447565c2e80567e5c4b0394474c5d04975810725c6,2,2,2,2,2,2,2,2,2,1,2,2,1,1.5,1,1.5,NA,NA,NA,NA,230714f8d4663ea2ebc93ac64533e449bd4da5a8f2f6be8bd89a449b80dbfb2f,2025,2025,226,50,700+,Female,United States,No,Full-Time,2,1.8333333333333333,group_apprehension,1.5,1.5,NA
2025,2025,126,ec086c09c8882bb1d0250019bb1fa4b869a7551f3eb21a203329ff1ab5d13b25,56.7119,-3.2119,af444fbf978485752f02f6b2c60b0973747235bbc71a3e4331251a1250826863,2,2,2,2,2,2,2,2,2,2,2,2,3,1.5,0,NA,NA,NA,NA,NA,445b0cc1c03a322dce0ab855dbfc7f5eceebb2be641ae9ba90e841ee27e3e7ba,2025,2025,152,39,700+,Female,United Kingdom,No,Full-Time,2,2,NA,4.5,NA,NA
2025,2025,214,232ab341bdf5ceec416d7f4fb379ed3e23d9a71a41e9e1edb2ba05345fefae30,38.961,-74.3552,6b74f0ba4a90e5fb700c9806519f2192ae08ed9fb1b6c568540332fc0f32a96b,2,1,2,1,4,2,4,2,2,2,2,2,6,1.5,6,1.5,NA,NA,NA,NA,b768151133b85a351b06725e8e4eb410643893d31997ee903507d521de7136aa,2025,2025,264,23,500-599,Female,United States,Yes,Part-Time,1.6,2.3333333333333335,solo_apprehension,9,9,NA
2025,2025,186,ffbbeb51b6e92c0053a0f158fac0b9936f659c322c8dfb2502f4ac23408f3bc1,37.271,-98.032,860b4f42915964f37f735d818db9e76ac1b1e138647cfe1bb7f05f8997d4c114,4,2,4,2,4,2,4,2,4,2,2,4,6,1.5,1,5.5,NA,NA,NA,NA,8ae62409d547f6ef7a147382b490f8a1f432b379ed11c6155fb8ba7497ff44c0,2025,2025,215,46,100-199,Female,United States,No,Part-Time,2.8,3,solo_apprehension,9,5.5,public_transit
2025,2025,159,f43261fae44b559117a97b8c0f3ea11270d1acd4438c76ac6e95e3703e11bee9,37.190999999999995,-98.302,6bed08570e64a871d7187ded22fee599cf3e8216c0b9b650670a049bb2bfffbe,4,3,4,2,4,2,4,2,4,3,3,4,1,3.5,6,5.5,NA,NA,NA,NA,572b50523356654006dfb071444e05a8b2b94ffafe7fdc8c65fa0551123e34a3,2025,2025,179,37,600-699,Female,United States,Yes,Full-Time,3,3.3333333333333335,solo_apprehension,3.5,33,rideshare
2025,2025,171,bb1248b950aefb0c41a992d648aa4e691e9ddacba74160e96b7f4e8c84f56eac,33.5758,-118.2793,c44eb13c5642daf65d048836bd7bae186ce770aa8508e9f368f3cdc8fe7eb2f8,1,1,2,1,1,1,1,1,1,1,1,1,3,3.5,6,1.5,NA,NA,NA,NA,95a39f40b743a97a05071db8763aa35bd7aea0666a68135fb5212419ff0ad39c,2025,2025,192,25,200-299,Female,United States,No,Full-Time,1.2,1,group_apprehension,10.5,9,public_transit
2025,2025,71,cb61b69cf9b4a63dfedadeb7be2cc826ecc053a099d2174c3ff555872b8573d6,41.3493,-84.36019999999999,0c2d35c36faca185b01b0e0414f7b7c70ac67c86e6cc05853ddde494d5050954,1,2,4,2,4,3,4,4,4,5,4,4,0,1.5,0,1.5,NA,NA,NA,NA,9cb2bb0b86d205f6111ef7340aeca9158a77839c8df0c6d0ddaf477c9368359d,2025,2025,116,33,700+,Male,United States,Yes,Other,2.4,4.166666666666667,solo_apprehension,0,0,NA
2025,2025,122,33079d88387fe6b3fa7580f953eb688e340b859d7145e292a91686aa663adf9d,35.6209,-119.991,0a827ae922ec5f7f4102f6656fd65b754305a7f685c763f7671b7efecd52c21c,2,2,2,2,2,1,1,1,1,1,1,1,0,1.5,1,1.5,NA,NA,NA,NA,1d4b37aa4ffc5741c61b50f6e5bc2b2a85a466abcf246fdc65736a4a2ffdf995,2025,2025,161,44,700+,Male,United States,No,Full-Time,1.8,1,group_apprehension,0,1.5,rideshare
2025,2025,114,40a71b47167613aa95e0c4ab85e48b79aa9ca3a3be69d3b41a6c833cb2d50f28,34.8558,-117.6493,68bbc2f0221553d1ac73d56563e2bdf545ae7b0b4d408e8e386ee6903451b0b6,2,2,2,2,2,2,3,1,2,1,4,2,3,1.5,1,1.5,NA,NA,NA,NA,7a5da59b262f7ca3e03ea5f081442e6f2a29c6771b6bc4e011eee9a37b2eda82,2025,2025,123,24,200-299,Female,United States,No,Full-Time,2,2.1666666666666665,solo_apprehension,4.5,1.5,public_transit
2025,2025,209,c2fc75cef95a322f416ca6eb7978573da219a438888226582329f7dbe8f9a10f,38.428999999999995,-85.84339999999999,a166139f5ff14c33998e1d4a3e23b9c2a4ca2d1b388195b0621022286f8f9592,3,2,3,3,4,4,4,4,4,2,2,4,0,1.5,0,NA,NA,NA,NA,NA,0030653af2de1fe23847eded8feb3ee615b56e6434fc510a1b160fa9a35de09f,2025,2025,237,63,700+,Male,United States,No,Part-Time,3,3.3333333333333335,solo_apprehension,0,NA,NA
2025,2025,188,81a878e64e9a830e491cadb262907daa8d0a023bf7208b4989c995ca4627fd7a,38.151,-97.772,0b7da5ccfe616e7f5e67317b7c5d23ca3f2f94012db4fb376dbdbd2236e29875,1,1,1,1,1,1,1,1,2,2,1,1,8,3.5,6,1.5,NA,NA,NA,NA,17882723e3358e34a94a87379429caea07a50a321ea48af81bd894123ec90d0c,2025,2025,245,25,0-99,Female,United States,No,Other,1,1.3333333333333333,solo_apprehension,28,9,public_transit
2025,2025,221,3147f5bf3d061cbc6636a3872094c4e38c8084b1731d81b036ff59a63b290288,39.2789,-75.74300000000001,ab64b1b40d24ffc3cc3a480914c5dd18bb53ebf76bdc0659dfc874fd9483ea32,1,1,2,1,3,2,3,1,2,1,4,1,8,1.5,6,1.5,NA,NA,NA,NA,a0675dd10e93dca90efd4772284bbf8379b1bcfe33dd495279c8a66ee895863d,2025,2025,252,27,200-299,Female,United States,No,Other,1.4,2,solo_apprehension,12,9,public_transit
2025,2025,194,452cf97574ff0a43a836c8af297844dc89869712d43a0fca814a58c67798acf3,36.9317,-80.0034,d3c5b8e8974659d201e51e5f17d4679a3aa00884ece815d4ace340a4f7b63b4c,1,1,2,1,3,2,4,1,2,1,3,1,3,1.5,3,1.5,NA,NA,NA,NA,fd162d549551bf27062a2e7febe9ddad3ed6edee70c19a4423e6add2c00cda7b,2025,2025,221,40,100-199,Female,United States,DATA_EXPIRED,Full-Time,1.4,2,solo_apprehension,4.5,4.5,NA
2025,2025,159,051e2f815073ea638b874f7579115154fd25e596a06438516bd0cb5e6497db8f,37.001,-98.332,a47747a0208a73e7154dfc7b57e72b5b53f385a5472a0f7a1cec5af03e3e839e,2,2,2,1,2,1,2,1,1,1,1,1,6,1.5,3,1.5,NA,NA,NA,NA,da420cea883c3713f8bf76a9533d6b6722403a57215cf4f86860c9420dd0eab0,2025,2025,194,44,0-99,Female,United States,No,Full-Time,1.6,1.1666666666666667,group_apprehension,9,4.5,public_transit
2025,2025,165,18e6b6ff6160cb4d1cb9d594cec52cefec24a59dec43ad8a42ba88b9997bb4ad,37.331,-97.662,25e4de22c7be07fac1fd5bba45fcca7bcaa19580ba19d2670c747c62ae519595,5,1,2,2,2,1,2,1,NA,2,2,1,6,1.5,3,3.5,NA,NA,NA,NA,15f406d109061524d60ebe7833026ea427ed350f4d6786043b63cb1564decf77,2025,2025,226,28,0-99,Female,United States,Yes,Full-Time,2.2,1.6,group_apprehension,9,10.5,rideshare
2025,2025,205,7d763cc7cfe860ebb830bc8a83470ba3deb7d5a5b52510fefb87a81598045b67,40.4439,-73.617,42a8de8ef09691d7100970bdd46304a2f2e92b3b4eb526b617111e5db598f80d,2,2,2,2,2,1,2,1,1,1,2,1,8,3.5,3,1.5,NA,NA,NA,NA,a025c4daa815cb3b117a915e2af6ecb88ddd254521b6091589bb0338341c9de0,2025,2025,251,46,700+,Male,United States,No,Full-Time,1.8,1.3333333333333333,group_apprehension,28,4.5,public_transit
2025,2025,252,685c52a49b60c49bd1dcf3c20c619bd12748a14c326e6af5c4ff01915ca2a59a,39.6669,-77.2103,2487c2a36a5e141bf0a00cffbaf2646423d7ac77e36ae3245bdc91a98630a910,2,1,2,2,4,2,2,3,1,2,2,3,8,1.5,3,1.5,NA,NA,NA,NA,2cae15263170c4ba43f24836a546d14da1ef8b12b5cbca492c8538472401ec80,2025,2025,259,27,100-199,Female,United States,Yes,Full-Time,1.8,2.1666666666666665,solo_apprehension,12,4.5,public_transit
2025,2025,145,762d2f52e0e091daa1de3d5142e6826ad0962a4afb29b0827b1dc06096e1b9c1,45.5601,-93.8714,9549d86d1c2560ca25a53c08b8ac32666a504292cb346018f908dbf569603d19,2,2,2,2,2,2,4,4,2,2,4,1,0,1.5,0,1.5,NA,NA,NA,NA,NA,NA,NA,NA,NA,NA,NA,NA,NA,NA,2,2.8333333333333335,solo_apprehension,0,0,NA
2025,2025,114,6a7b6c43f30c8d6b93f6d50be9c28c6c3326aa90a4e9092d5329869a2f172465,38.391,-98.182,0486238caf742e26b9669e5c8a9723ea90a8abc0a68ddc2024daecf1a9a8a0e1,3,NA,3,2,4,2,3,2,4,2,3,4,6,1.5,3,1.5,NA,NA,NA,NA,adddca692da84fcbff230cb9158b97dceccf00f7a73d29cc7168acbe68c80004,2025,2025,116,32,700+,Female,United States,No,Full-Time,2.5,3,solo_apprehension,9,4.5,public_transit
2025,2025,184,ce93659faf2d36a642bc6b086d8d832b98246f3e3e55c5bd911d2e22ec1ed404,41.3962,-73.3566,0f3ded842c5efc1b216f93f3e3c21bdf53c0f03eb9d047b682515b559eb2b880,1,1,2,1,3,1,4,2,2,2,2,2,8,3.5,6,3.5,NA,NA,NA,NA,2fba486656981a1d9b2b0753642fab55e8c129e1473a8a86d61b1bf3ad1cc55e,2025,2025,219,27,100-199,Male,United States,No,Full-Time,1.2,2.3333333333333335,solo_apprehension,28,21,public_transit
2025,2025,143,d390461dcab94b30aaab959fd659ff0ad45c03ba5191ebca3367e4bdd5eb7f06,34.0993,-118.7568,b8b17f3de56950d4fcbf08d353c0139b03d80c7cddc7614f746afeb11d0b7d64,4,5,5,5,4,4,5,5,5,5,5,5,8,1.5,6,1.5,NA,NA,NA,NA,d0866ed3440a40ca024bf9f1260bd6228fe096561a9fe53bd06143a12fd6ca40,2025,2025,178,22,700+,Male,United States,DATA_EXPIRED,Other,4.6,5,solo_apprehension,12,9,public_transit
2025,2025,217,d0171a9aae26f402bdfcab4e9b04b6deb703bb2ad22e918255a66bdd86454bf0,29.92,-95.5085,6d6f55dea82199ee328964c762a064a24b41ffcacac1e2e7e9efcf064c9828e0,2,1,2,2,1,2,2,2,1,2,2,1,1,1.5,1,1.5,NA,NA,NA,NA,c2f466520d262a4ef1e3f2c311cfa362186ae5ec5c30fe38edbf0c75234ff619,2025,2025,310,35,700+,Female,United States,No,Full-Time,1.8,1.6666666666666667,group_apprehension,1.5,1.5,NA
2025,2025,146,33928a650efe5db878e0ffcf052da25a9db9d6e69949eba319f3c8abc12e23c4,37.581,-98.142,1668925157c24af79aa1c6caa81c5a1b6680925be98fd11c7748caffe8d543ce,1,1,1,1,1,1,1,1,1,1,1,1,8,3.5,8,1.5,NA,NA,NA,NA,31a08c514884f02380e28525e1a081e46e03de1dae5ef2d8a32656c43259c0f2,2025,2025,164,56,200-299,Female,United States,No,Full-Time,1,1,NA,28,12,public_transit
2025,2025,257,e7d57c94eb9a88e0f51df5bb534a509d571ef924d222a31b49f45deed138b219,41.0741,-74.7454,7e7086db3f5d1ba197d73f2b2c422e0a86e1a62847e442adc15dd9382d1cee45,1,1,1,2,2,2,2,2,2,2,2,2,1,1.5,6,1.5,NA,NA,NA,NA,757b72ac8e86da6dcb630710e1ad7973764267b98507ea909ee4405680d63e44,2025,2025,406,48,100-199,Female,United States,No,Full-Time,1.4,2,solo_apprehension,1.5,9,rideshare
2025,2025,112,0e3af6a5f4270b0aca3f7c627338a960f182d9c031de94629571c15ad1a9310f,41.2426,-74.62660000000001,eb5a8b5f7f424965c03f04042c0d95dd152657e2f46a2ffbb4db19b6e61d50a4,4,2,4,3,4,2,3,4,3,2,2,3,6,3.5,6,5.5,NA,NA,NA,NA,0af9f55ed46bb05b3f7ab96e5ca99f134e2a284087a989848de2e5d7fc51d5ae,2025,2025,225,32,100-199,Male,United States,Yes,Part-Time,3,2.8333333333333335,group_apprehension,21,33,rideshare
2025,2025,178,2a32031b797679c3878b248dc8f883819465a61d3f0abcd9fa7bcd1ecc75ab33,35.774499999999996,-78.3083,ea228ecd4339c847eb4a789b4ac7017a1f574271f75a1a165ee0b9b69abbc3e9,2,2,2,2,NA,3,4,2,3,3,4,2,6,7,8,5.5,NA,NA,NA,NA,bd52bfb14ac1c20fcfb49976843f253aae498a86d1ea5a1bea9a17c0fa44cbb6,2025,2025,262,37,300-399,Female,United States,No,Full-Time,2.2,3,solo_apprehension,42,44,rideshare
2025,2025,217,fedda15ba498d9bb5818ba29d43b0dd63e73e16e636b01993fdea11feb8fd312,37.961,-97.142,7477b12f32a7d864e54bfa31199c969a4a9390eee9204c49de58fc02748839aa,1,1,3,2,3,2,2,1,2,2,2,1,6,1.5,6,1.5,NA,NA,NA,NA,4d669488cfff4c92b658ad9456dbaac282dd9e44405b62a9048e3072685df706,2025,2025,235,37,200-299,Male,United States,No,Full-Time,1.8,1.6666666666666667,group_apprehension,9,9,NA
2025,2025,185,3b510486c29d67eeff4c4c0502d70c1d359727748226192f0d71e4d093548424,36.951,-98.722,26ee872a08526d4a2c7861c94834961ae4b8938bd076f5c9641b5174f96efcc5,1,1,1,1,1,1,1,1,1,1,1,1,6,1.5,6,1.5,NA,NA,NA,NA,4e552e6cf483b78bedb0a19f1f7c62245ea4b5c13d0031aee4ff00c12c2dc488,2025,2025,193,41,0-99,Male,United States,Yes,Full-Time,1,1,NA,9,9,NA
2025,2025,78,67345a6bb82cb529ec241dd613f64e0b9cc3f475d7b17a66d0b45d38b536b713,40.3869,-74.5501,d62ab99472f5e49f89f4828b0ac93493b6f97704769997fc6cb506f7d17681d1,4,4,4,4,4,4,4,4,2,2,2,2,1,1.5,1,1.5,NA,NA,NA,NA,779dd48d3e76df6876c6b999f1709e2530e72b6b48dcb66b1646c18666aa8aa8,2025,2025,94,56,700+,Male,United States,No,Other,4,2.6666666666666665,group_apprehension,1.5,1.5,NA
2025,2025,264,6da5812b8a26ca6aea2a40a96973b4c8747e96084e732a3506e2454cc5a0695c,37.511,-98.622,f5d1c0c3178473706df1d182e27fdf291021ebd0df189d4cec689a6f1f26acea,2,2,2,2,2,2,2,2,2,2,2,2,6,1.5,6,3.5,NA,NA,NA,NA,8645fbad171bb39b1910e7e601397c89a9537814359dd582fdf8e8db31e782e2,2025,2025,319,28,200-299,Male,United States,No,Full-Time,2,2,NA,9,21,rideshare
2025,2025,57,c3ea37dcb9d59d0e07aa3fb6d4a57f8cd48db4c2c65ee2e97e781256f6f1665f,37.5034,-88.5532,4dd6a3edf9c4583b4846e3a7427d1ca43b0913ebce429eb6c69622085810073e,2,2,2,2,2,2,2,1,1,1,2,1,0,1.5,0,1.5,NA,NA,NA,NA,ed4e94baca9107f8f4661db72825555e3338ff5e06a04ba77da00b8e967a013c,2025,2025,77,68,700+,Female,United States,No,Other,2,1.3333333333333333,group_apprehension,0,0,NA
2025,2025,246,d7097c97a1f5e95bfbbe96b8159883cefa2e6d4cd9b807dc41821bad393d8b2c,42.1686,-73.04310000000001,39a9136943f8a7886af88754707938890f970b883f9549819bf4c3315665c66a,2,2,2,2,3,2,2,2,2,2,2,2,8,1.5,3,1.5,NA,NA,NA,NA,20852feb400e447caaf44710f7ceeb168c4fa40402aef8d02c14fd233c8fcc40,2025,2025,281,30,200-299,Female,United States,No,Part-Time,2,2,NA,12,4.5,public_transit
2025,2025,89,dcb1fb21e94cd48b3ec2cca65b060a68729570b94029af108352f78de3d1f1c0,33.006499999999996,-106.2715,5c07468e2ab3be9ffe8b1ae7df9c8a10e271d7317bb312ee2c96df6a374bc0f6,1,1,1,1,1,1,1,1,1,1,NA,1,1,1.5,1,1.5,NA,NA,NA,NA,b38468a69a5ee69ee2464be59656b8b9a87a456941a04e65ed2a070262f28e24,2025,2025,122,73,700+,Female,United States,DATA_EXPIRED,Part-Time,1,1,NA,1.5,1.5,NA
2025,2025,260,e75b079ea6a09a908b0f6303f34b2b718f9bf8e2c5c8bb13816ab8c87adb707c,37.461,-97.672,f4d8d11bda5a57d0186b810457f3f45a8cd9dbb3cb71f927f4f154f0d5632d1a,1,1,2,2,3,2,2,2,1,2,3,2,1,1.5,3,1.5,NA,NA,NA,NA,9380ccc8502a2725e1a3e8212cbadabf74427195a906466c5409c77115b03c42,2025,2025,291,47,100-199,Female,United States,No,Full-Time,1.6,2,solo_apprehension,1.5,4.5,rideshare
2025,2025,265,956dacbba075104fb430f92725f1d93d96c0827535b1a225f238c4c409d7cc22,38.531,-97.312,433b85694c3c4bfb19942e0aadb6062c270ac97349ed36194679af66e02d188a,1,1,1,1,1,1,1,1,1,1,1,1,8,3.5,6,1.5,NA,NA,NA,NA,339f637c51490c788e4cf573b87d9d6b179f48b5efd2d48a34fb4bb445b8442d,2025,2025,282,25,600-699,Male,United States,No,Part-Time,1,1,NA,28,9,public_transit
2025,2025,272,ab174f70f22016ca79b15d4fa83f47f06d5fecf07a0c55edad285ae3ccaa7fb1,38.370999999999995,-97.582,1c934bb5c05cb1694da7159da41e9d326792edfca3556cf1b0018a21c08ff678,2,2,2,2,2,2,3,2,3,2,3,2,6,1.5,8,1.5,NA,NA,NA,NA,80f314e8ba7f738ebedfbf5fe55cbd5bf318ded87f1eef6f7e1d526b3be500a1,2025,2025,289,47,200-299,Female,United States,No,Full-Time,2,2.5,solo_apprehension,9,12,rideshare
2025,2025,293,4c6163d4ddbbadb73fd3e9bf0a6e31dc899db00197beb981701c27aa1c945b51,37.171699999999994,-77.7477,d27032a0ed0d657ba02115d362b2663718d7cad6513481357a8c04fe6fe67dad,4,2,4,4,4,2,2,4,2,2,4,2,3,1.5,6,1.5,NA,NA,NA,NA,ed90e3b6401fc24bf82797a19bc3811ee246010527e2dcfb17e475c1ee0e7002,2025,2025,311,58,100-199,Male,United States,No,Full-Time,3.2,2.6666666666666665,group_apprehension,4.5,9,rideshare
2025,2025,198,c00b60e3923e41cfbad2cb557cc34d6e0a1e389db47a27a0fcd5f6752a8db1bd,33.793099999999995,-83.6758,ec3fd47dbf258cb35c251773f3cde0870fcfa798317fde221c381998762f9427,1,1,2,1,2,1,2,2,4,2,1,1,8,7,8,5.5,NA,NA,NA,NA,ab01d0b9aeedd316a3034ac08c2a16c934f3bd7611bee80b1413d5cb6f1cc084,2025,2025,215,43,700+,Male,United States,Yes,Full-Time,1.2,2,solo_apprehension,56,44,public_transit
2025,2025,233,fbc035feb73976ac8919e08255c7258757d595af1694e33ca7ece6159002e5c8,37.811,-97.862,7e07c11381eb8a3eba20e67e3e069a1fe3bb87a8671531b5c4d108660f78943b,1,1,2,1,2,1,2,1,2,1,1,1,8,1.5,8,3.5,NA,NA,NA,NA,cd16e54527e944d073676cd2827df2b5180258ccb46f592983f7bbb7c34c05fa,2025,2025,272,56,100-199,Female,United States,No,Part-Time,1.2,1.3333333333333333,solo_apprehension,12,28,rideshare
2025,2025,246,ed0bec8e01ca29c827002aeb689ab0f4f8ba892317afefbf2e8c7c5cb05ee9a5,41.2026,-73.1966,dd906887a20ca90b810e521efb8f169ac1d5796fbef5c01a408dde0a0f914d24,3,2,4,2,4,2,4,2,4,2,2,4,3,1.5,3,1.5,NA,NA,NA,NA,fe6ea01da2eacd7250cbfdccbe79790e9ef86ee243e2f429f083d485c69bead5,2025,2025,262,27,400-499,Female,United States,No,Full-Time,2.6,3,solo_apprehension,4.5,4.5,NA
2025,2025,139,377418fd8c456e77609c74b6ec10e601eb4a7b44ca213ad4435681d82e581157,38.091,-96.922,7e1ac38fbbf1d4004e219e08d0de00b86ddc951f6f6f58834e2c7905adce60f3,1,1,2,1,2,1,3,2,2,2,3,2,6,3.5,6,3.5,NA,NA,NA,NA,174a33c60eb6eaf3a56f336fc309b758165727bf28f928f5cc6b40a3eb026f43,2025,2025,330,44,0-99,Female,United States,DATA_EXPIRED,Full-Time,1.2,2.3333333333333335,solo_apprehension,21,21,NA
2025,2025,94,d0bf3a7b8bbc6c8f043e614dfc594971c2925fcac7a8b81591000715601c2d95,38.391,-97.662,e2078bf3c954e9519fb5a096648bdf29381e55d316cf7e5eccc4a13b9a7e8f3a,2,1,2,2,3,2,2,2,2,2,2,2,6,1.5,3,1.5,NA,NA,NA,NA,53354700e0e46965420d02532680a62c658d44742c733b82162e8df59bdc5acc,2025,2025,142,28,0-99,Female,United States,No,Part-Time,1.8,2,solo_apprehension,9,4.5,public_transit
2025,2025,367,c55cfc5db9f4fb0196dffd21e2cda178d071ff2a3dbbeb577dd4a3cbe17f564c,37.511,-97.502,3b1a89a349b24f06bb8d663b74181ba84b2f105ab758867712a62442f317df06,4,2,3,2,5,4,4,3,3,2,3,2,6,1.5,8,1.5,NA,NA,NA,NA,d5e1205aabb678861594c3328f7050abb01470475248c6caf25de3435cc9ead1,2025,2025,396,40,100-199,Female,United States,No,Full-Time,3,2.8333333333333335,group_apprehension,9,12,rideshare
2025,2025,341,90162ed6e6c5e755253490656430dad6f2c569e9a0b69c6555baebfafaafe82d,40.7741,-74.6054,b08df79ff4969c7b8cd08976873f21894166d48581efee96c130746ef5b67a8a,1,1,2,2,2,2,2,2,1,2,2,1,3,1.5,3,1.5,NA,NA,NA,NA,6c1f7b9408a6c8c8b196eb9af5f191efe3ec075fc5bb35c063805db56024eab3,2025,2025,403,34,600-699,Male,United States,No,Full-Time,1.6,1.6666666666666667,solo_apprehension,4.5,4.5,NA
2025,2025,209,56a591f06ddb3338715e5552f44c1f4908afb989a3fffdfe91734f29fb2286fe,34.8264,-81.41680000000001,dca86c6d5589b4485fe9684e4bc292b3edff6d73507e77fe4f6be803d1431290,2,1,2,1,4,2,4,2,1,1,4,1,8,1.5,6,1.5,NA,NA,NA,NA,1d6628b66b6103fb291d36143a78f9a0397b3a122244eb2b5d9bafeac97d6c74,2025,2025,254,47,700+,Female,United States,DATA_EXPIRED,Full-Time,1.6,2.1666666666666665,solo_apprehension,12,9,public_transit
2025,2025,209,590083b684aab2213d7a9395d647180983651ed1b2badf3bcd7337403ba45e45,34.695800000000006,-118.0793,de5374e38167789ec180c825f27e5e12d0b8f03e8e1bb6bba16371f71a5879b0,1,1,1,1,1,1,4,1,1,1,1,5,6,1.5,1,1.5,NA,NA,NA,NA,04c817240dd7f786ccf2020157aca34c23ef2c7d422a57e704cfb8187ce5ba6d,2025,2025,248,35,700+,Female,United States,No,Full-Time,1,2.1666666666666665,solo_apprehension,9,1.5,public_transit
2025,2025,589,44c3f2e2b5bed7c4be3c3c49acd271939e5b294e8eb8ac33013cebbf874b9013,46.8609,-121.6847,202bddf13b57e47519ccc7091a65a025daa8d15f20e211e2cc736632844f3b6c,2,2,3,3,3,2,4,4,2,2,4,3,8,1.5,6,1.5,NA,NA,NA,NA,364ef3eed7f7a5056778af0e84fb6e4bc98d5499095196790036d9f414b7e8ec,2025,2025,638,56,300-399,Female,United States,No,Part-Time,2.4,3.1666666666666665,solo_apprehension,12,9,public_transit
2025,2025,445,2aa9059e9829c537147718b06b55af98d6d59d618aaec87c848d8481e8c4030c,40.8726,-74.42660000000001,22745e62dc7a649ee1d49a05a53f2f366e7ce0551afb51340496bd088d3a57bb,2,2,1,3,4,2,4,2,2,2,3,2,3,1.5,0,1.5,NA,NA,NA,NA,43d6b20a722a0547fcca9a8f177030aa4d8488d58ccab10beaa2d7378048b2e2,2025,2025,464,66,700+,Male,United States,No,Part-Time,2,2.5,solo_apprehension,4.5,0,public_transit
2025,2025,207,41bb1d328c62f7937a8322de20104ac55f8a2818af94782b93d95b2b24ec0933,37.061,-97.302,0bf4a5b64f16f705af6ef63539257d40c83ca841ae98e786d8cab3a75d066510,2,1,2,1,4,2,2,1,2,2,4,2,8,1.5,8,7,NA,NA,NA,NA,e0791335a3831b8d984d4d3f90cdfde24865dbe300520b7fdbaaf117c9a7109c,2025,2025,226,36,700+,Female,United States,No,Full-Time,1.6,2.1666666666666665,solo_apprehension,12,56,rideshare
2025,2025,573,e86f127f6799dfe7e93fabea2c337657df2563a6bd8f3958d4a29596750802bb,41.3699,-74.2191,be50e58a727d0044c244bd159ebad85fd6a362ac924a67e0024fe229b9217366,1,1,1,1,1,1,2,1,2,1,1,5,6,1.5,6,1.5,NA,NA,NA,NA,64fb443b411ff367c32c707f3fe1616b875500fbc80129bc89854f4fe05dd1c7,2025,2025,608,22,300-399,Female,United States,No,Part-Time,1,2,solo_apprehension,9,9,NA
2025,2025,496,dbac6d8f4c3866c384ca215d19727a45d1a2a985421428ce3785e3e67d8bf823,32.6023,-117.4872,0e98b9447ac83b849168b2582a95ec835ec92738b5d0bc8c5bd647ac0275992c,4,1,4,1,4,NA,3,2,2,2,2,4,1,1.5,0,1.5,NA,NA,NA,NA,ed3483414cea690e89a4ff8c81d03b621e8a014cc1588105a3220e0d226d0799,2025,2025,525,38,700+,Male,United States,DATA_EXPIRED,Other,2.5,2.5,NA,1.5,0,public_transit
2025,2025,261,f00eea29002ee1418b8288632d0ca35ac7baff0ea053823472e75ebadc8d9bb9,37.461,-98.422,5a8c0b02b9d365b11c0f81576b54e778008687be9dc53a571b3b7ba18bd45b00,2,2,2,2,3,2,2,2,2,2,2,2,3,3.5,3,3.5,NA,NA,NA,NA,479a9d322078cab16888e3614f556dde19b5a5fd6ea06c0801ba9e7d086800e9,2025,2025,273,19,0-99,Female,United States,DATA_EXPIRED,Full-Time,2,2,NA,10.5,10.5,NA
2026,2026,-1,12acbda4ed1da891f3d272cd030bbf443858d07db82a5ad0464be87f303987ce,43.2504,-89.1616,NA,NA,NA,NA,NA,NA,NA,NA,NA,NA,NA,NA,NA,NA,NA,NA,NA,NA,NA,NA,NA,NA,NA,NA,NA,NA,NA,NA,NA,NA,NA,NA,NA,NA,NA,NA,NA
2026,2026,35,21517f4c2f5e3afa19a423995488f72c1971a5b465c12fd544e48ac0d17d3c20,41.8483,-87.9817,NA,3,3,3,3,3,3,3,3,3,3,3,3,3,3.5,3,3.5,NA,NA,NA,NA,NA,NA,NA,NA,NA,NA,NA,NA,NA,NA,3,3,NA,10.5,10.5,NA
2026,2026,98,7ae12e01bc021886f55f76c0471ed4eff107ce90c15e52d92699b19f8ca5baa1,43.7073,-90.1194,NA,5,4,5,2,5,5,5,5,4,4,5,5,8,1.5,1,1.5,NA,NA,NA,NA,NA,NA,NA,NA,NA,NA,NA,NA,NA,NA,4.2,4.666666666666667,solo_apprehension,12,1.5,public_transit
2026,2026,102,9d086fd605c9443a81702a5665dfce0dd6177fb127dc2b71c5e8d0273b938a61,43.141200000000005,-89.51379999999999,NA,4,4,5,4,4,4,5,5,5,4,5,5,8,1.5,3,1.5,NA,NA,NA,NA,NA,NA,NA,NA,NA,NA,NA,NA,NA,NA,4.2,4.833333333333333,solo_apprehension,12,4.5,public_transit
2026,2026,209,7f29086cfc4780ec5a6c4be9167413e6ef8a52be15c21f92e6d36de0a0156f58,43.1057,-88.923,NA,3,3,4,3,4,4,5,5,4,3,5,2,0,1.5,1,1.5,NA,NA,dont do things you dont want to do,i drive myself i have my own space and freedom and i can choose my own route and schedule without having to wait plus i really enjoy driving,NA,NA,NA,NA,NA,NA,NA,NA,NA,NA,3.4,4,solo_apprehension,0,1.5,rideshare
2026,2026,258,be08c1d9cd33870842d60d6693705fda63983121551734f03030013ee16c1a2a,42.3625,-89.7791,NA,2,1,1,1,2,2,1,4,1,1,1,2,0,NA,1,1.5,Yes,Yes,NA,NA,NA,NA,NA,NA,NA,NA,NA,NA,NA,NA,1.4,1.6666666666666667,solo_apprehension,NA,1.5,NA
2026,2026,631,78d72ac00bdcfe6c062fde60408e670fca7972020d4cb6b28a8e6be447692516,42.2025,-88.62910000000001,bf4756e1beed3bfe088d35f98ad71514b4763a73f38bf1e9f90b828a229221bf,2,1,2,3,2,2,2,2,1,2,2,2,0,1.5,1,1.5,Yes,Yes,just remember that they are probably just as nervous as you are and that they are just a person like you,i prefer a car to get around because i like driving and it helps me to have the independence i like if i was in a busy city like chicago i would prefer a train or uber,NA,NA,NA,NA,NA,NA,NA,NA,NA,NA,2,1.8333333333333333,group_apprehension,0,1.5,rideshare
2026,2026,197,4070645cae630b2bdd916ec2a3fe2bdbabb8cbbf5a78a885272efbd50cadeec7,42.8925,-88.9391,bd1ca07886eb83a9dc25ecd6a7b5317f5ba8849bf229965b37482a70aeb09700,4,2,2,2,4,2,2,1,1,2,4,1,8,1.5,1,1.5,Yes,Yes,just be yourself no one can blame you for being yourself,i prefer to be able to drive i like being in control of where i am going,NA,NA,NA,NA,NA,NA,NA,NA,NA,NA,2.4,1.8333333333333333,group_apprehension,12,1.5,public_transit
2026,2026,313,8398972d3698f7b8e43f754236b08baa5f34f70eea391522052066dc2a2fafea,43.9725,-89.4291,NA,4,3,4,4,4,3,2,2,1,2,2,3,8,1.5,3,1.5,Yes,Yes,dont overthink the conversation the person youre talking to isnt judging you and is just wanting to get to know you,if youre trying to get around downtown madison i would recommend taking the buswalking the bus in madison is pretty reliable and it makes it less of a hassle to find parking,NA,NA,NA,NA,NA,NA,NA,NA,NA,NA,3.6,2,group_apprehension,12,4.5,public_transit
2026,2026,2907,93a99db2f77023426bb3810cc2f6e6737c844b9e807aa18dfe1cd527bb7a7c19,43.8325,-88.6591,NA,5,1,4,3,3,3,5,3,3,3,3,3,3,3.5,3,1.5,No,No,i would tell my friend that its completely normal to feel nervous when meeting new people they could start with simple conversations such as asking about hobbies or school and remember that most people are friendly the more they practice the more confident they will become so they shouldnt be too hard on themselves,my ideal way to get around my city is by using a combination of the subway and walking public transportation is usually fast affordable and avoids traffic congestion while walking allows me to enjoy the surroundings and get some exercise this combination is convenient environmentally friendly and helps me save both time and money,NA,NA,NA,NA,NA,NA,NA,NA,NA,NA,3.2,3.3333333333333335,solo_apprehension,10.5,4.5,public_transit
2026,2026,233,01a3b58bf2604c25dc7bbeff8f2fadf7964a8f73908092d08411850749300f01,43.302499999999995,-89.5691,NA,2,2,3,5,4,4,5,5,4,4,4,2,6,1.5,1,1.5,Yes,Yes,i would tell them to try and connect to the person with something that the both of you enjoy  better yet ask or find out what they enjoy makes conversation much easier,i prefer using the bus in madison response differs in every other city because the city layout was made for pedestrians and buses drivers suck here,NA,NA,NA,NA,NA,NA,NA,NA,NA,NA,3.2,4,solo_apprehension,9,1.5,public_transit
2026,2026,118,403d3fe613e96a9e650a2bc81fa0a9fe08225d0d3438e36f02b7430b260c2c74,43.3125,-90.0991,NA,4,4,4,3,4,4,4,4,3,3,4,4,8,1.5,1,1.5,No,No,NA,NA,NA,NA,NA,NA,NA,NA,NA,NA,NA,NA,3.8,3.6666666666666665,group_apprehension,12,1.5,public_transit
2026,2026,342,d462e840e63b069a009359affb73c4800cf83f9f902c51fcf1b5ffb156d511a7,42.872499999999995,-90.2891,NA,2,3,4,2,4,3,2,4,4,2,5,4,8,7,1,1.5,Yes,No,imagine the audiences are all your friends and they dont care if you make wrong,"walk i enjoy walking because it is simple free and good for my health it also gives me a chance to enjoy the fresh air and see interesting places that i might miss if i traveled by car or bus when the weather is nice walking helps me relax and reduce stress
",NA,NA,NA,NA,NA,NA,NA,NA,NA,NA,2.8,3.5,solo_apprehension,56,1.5,public_transit
2026,2026,352,60e98f8a67171ce05e98fdb87042e3992728cb7ac54eda70300c8ce33d07a21b,42.4925,-88.6591,NA,2,2,2,4,4,2,4,2,4,4,3,2,8,1.5,0,1.5,No,No,NA,NA,NA,NA,NA,NA,NA,NA,NA,NA,NA,NA,2.4,3.1666666666666665,solo_apprehension,12,0,public_transit
2026,2026,424,9bcbd7078a474cce2c7be78bbbd42bcd6661a7a65f684bee508f86a15b1965d7,42.1825,-88.6191,NA,4,2,3,2,4,4,2,4,3,3,4,2,8,3.5,1,1.5,Yes,Yes,i try to find out as many interesting things about them as possible so i look at each interaction as a chance to find something fascinating i also remind myself many people do not feel comfortable talking to new people either so my goal is always to make them as comfortable as possible,i prefer biking because its more convenient faster and easy to do when the weather is fair when weather is not very conducive to biking i prefer the bus to avoid dealing with parking and driving,NA,NA,NA,NA,NA,NA,NA,NA,NA,NA,3,3,NA,28,1.5,public_transit
2026,2026,600,9fafc0a232991b03921720cd9ad19111e057ba6b97bac952bce520c8168be7fc,41.5583,-87.2217,NA,1,3,2,1,3,3,3,2,2,3,4,2,8,1.5,0,1.5,No,No,prepare in advance and practice more,take the bus because its convenient and not expensive,NA,NA,NA,NA,NA,NA,NA,NA,NA,NA,2,2.6666666666666665,solo_apprehension,12,0,public_transit
2026,2026,2400,a56bc594abfd2317747bd49f4badcb0241977f8e033942ccba4755327508e49c,42.7425,-90.1691,NA,5,4,4,5,1,4,5,4,4,4,5,5,8,1.5,0,NA,Yes,No,i would tell them that if they believe that other people will perceive them as being uninteresting or weird that other people arent that concerned with finding out other peoples negative qualities and are just fine with meeting and talking to new people they should try to have some confidence in order to help other people warm up to them confidence does not have to mean extreme extraversion or showboating just try to act casual and that interacting with new people is normal for you,i prefer using a car in my hometown it is largely the most convenient option since we have a car at home and i have a drivers license it is more difficult and complicated to get around my hometown by bus since i do not know all of the bus routes and i am not comfortable riding the bus with strangers,NA,NA,NA,NA,NA,NA,NA,NA,NA,NA,4.4,4.5,solo_apprehension,12,NA,NA
2026,2026,653,6028760d9a2f1e00a30cd0aec1c6e98dbe06e76503e0c88ccec801d2815d195c,42.5605,-89.7223,NA,2,1,2,2,4,2,5,4,2,2,2,4,3,1.5,0,1.5,Yes,Yes,to take a second to calm down and to pretend they are talking to a family member or a close friend,my preference is by train or bus because its more environmentally friendly it reduces the traffic and is generally faster than driving,NA,NA,NA,NA,NA,NA,NA,NA,NA,NA,1.8,3.1666666666666665,solo_apprehension,4.5,0,public_transit
2026,2026,3235,862caed6bfea62e3d1adae821d3cdbe34c2100d37509c8e6aa31e7254abf2b0d,42.641200000000005,-90.2138,NA,4,4,4,3,4,4,3,4,4,4,4,4,8,1.5,1,1.5,No,No,first advice is to take a deep breath and the second is to remember that our main task is to share useful information not to be afraid of making mistakes,i prefer subway because its fast reliable and avoids traffic jams,NA,NA,NA,NA,NA,NA,NA,NA,NA,NA,3.8,3.8333333333333335,solo_apprehension,12,1.5,public_transit
2026,2026,109,00011d3477d611947cc75f09eaf8eeeb48d37b2165a30e8d3db17df7b9909879,38.8677,-105.7915,0b7b608e95ac791a2e561ebd34498c617e36ed73f4aff1a8e76c2392b5277447,4,4,4,4,5,5,5,5,5,5,5,4,1,1.5,1,1.5,Yes,Yes,i would advise them to treat the new people like a friend they already know,biking is ideal because it is fun i dont have to waste gas and i dont need to wait on public transport,b71a21e58e86886a67cd079b5faaed556751604be5ddea771d2221099ec1614f,2026,2026,111,29,400-499,Male,United States,No,Full-Time,4.2,4.833333333333333,solo_apprehension,1.5,1.5,NA
2026,2026,99,25956c966e37c0e16faba7b095fb91859549904dddd22b5b5962b47a33ea0fa0,39.6522,-84.30099999999999,45d70188554e33e9b8f141f040769b3c4f0cfc25febe2cbb4cf137a2e9ca0113,2,1,2,3,2,2,1,3,1,2,2,1,3,1.5,1,1.5,Yes,Yes,i would tell them not that others are nervous too do dont stress too much and just be yourself,i prefer to drive myself where i need to go since i am the one in control of driving,ead25d4bc004a953a18d8c648b9bbf17ffe4fdc06f64fca1dc5d583415d22a22,2026,2026,137,39,700+,Male,United States,DATA_EXPIRED,Other,2,1.6666666666666667,group_apprehension,4.5,1.5,public_transit
2026,2026,110,2f070d5e925a4a523ca84054a1fc50b22a5a3e30f4d98b2013b151d257725ef4,54.2509,-2.1074,01ed97565030e4d13eba2ecba6f408ba9b1d77f47fa2cc7363c45f3f15796020,1,1,2,1,1,1,1,1,1,1,1,1,6,1.5,3,1.5,Yes,Yes,i would say just treat everyone the same try not to feel intimidated by them they are just people equal to you,i think it is probably by train just because i can relax and not have to think about being stuck in traffic or finding somewhere to park it also puts you in the centre of the city,41af60010ed5b14f23564789e5a0a0c334bd7fbdf3392fd613cddc8d2ca04dd3,2026,2026,330,35,700+,Male,United Kingdom,No,Full-Time,1.2,1,group_apprehension,9,4.5,public_transit
2026,2026,116,9220a79d8aa8b11ed0fb43c4d7b616fef85bb8e8cd8b292eae584afdcc7ef137,35.6726,-81.4512,fd2146a6db13b5448283d92be645d200c305eeb1969770462866b704a64a7575,4,4,4,4,4,4,4,4,5,4,4,4,0,1.5,0,1.5,Yes,Yes,just be yourself and dont worry so much try and live in the moment,i like driving my own car it feels more convenient and safer,eb0cb7ee734bd79fc5d0eeda1dda2b2d2ef3ce70b43850685899f71da2b996f3,2026,2026,591,31,700+,Female,United States,No,Other,4,4.166666666666667,solo_apprehension,0,0,NA
2026,2026,132,4c9744a4e8415b9d674700392b453281bce396b453d86b0a482fd1d1abfc6830,51.4607,0.8263,59bf206766decf1eb20587204ac50399cd688aea1260cc6eb0f918790cd1af7b,3,2,4,3,4,3,4,3,2,2,3,2,8,3.5,1,1.5,Yes,No,to treat the new person as someone they already know and that they also feel the same way about being nervous,a hybird of car and public transportation,5beb42302c2df96495bb8a51fd4ce03dd6ecc2ccae50457af79e0ff5912c5001,2026,2026,260,28,200-299,Male,United Kingdom,No,Full-Time,3,2.6666666666666665,group_apprehension,28,1.5,public_transit
2026,2026,133,390cef9cf6fa224e5411ee6759c150463aad6ade8b1ce049e65f3cb1aade0b08,36.9962,-80.49249999999999,2132c4e72843f510a097f2fd65a46eae103825791e5693723ff199b5b823d677,4,3,4,3,5,4,5,4,2,4,4,4,1,1.5,1,1.5,Yes,Yes,relax and consider that they may be nervous too try to keep it light and easy generic conversation topics,i prefer to drive since there is limited public transit and is not walkable,cc08eb155bbad7e0d254cddf16cd95cb60f5eadcf2ec4b32e190aa4b5e10b543,2026,2026,139,30,700+,Female,United States,No,Other,3.6,3.8333333333333335,solo_apprehension,1.5,1.5,NA
2026,2026,111,cdce2f4d342127b5a5d7ba93e35ff87b3504ec5543c75a85d8721a9511ffbf25,53.0596,-3.4092,1e6048b8cb2fd2e0a5c12087943eba1ffa4676d5ec322bfa2489419dc52076a7,2,2,4,3,4,3,4,3,2,3,4,2,6,1.5,3,1.5,Yes,Yes,practice small talk remember that thoughts are not facts,ive always been a walker and love walking wherever i can as you get to discover newly opened shopscafesrestaurants on your usual routes,b290872553d8295ff8236991868a1c6384525c4e6ddce833a663c8c62a0e3f93,2026,2026,119,27,600-699,Female,United Kingdom,Yes,Full-Time,2.8,3,solo_apprehension,9,4.5,public_transit
2026,2026,129,ceecb514dbd15a58a0c3799e14ff5fc617a72c56929c9fc707db6a06293b4413,43.1919,-79.5265,e6bb6f36c36988d766236dc0290b1fcd6d21fb54d4872706802b1989ed91234a,3,3,4,2,4,4,4,4,3,3,4,4,8,5.5,1,1.5,Yes,Not Sure,i would tell them that its also the new peoples first time talking to them so they are probably nervous too,i like the subway as it gets me where i need,a298155f16f1dcacaa0adfc5b0152817662bbbf576b99868586bccda93832413,2026,2026,133,19,0-99,Female,Canada,Yes,Other,3.2,3.6666666666666665,solo_apprehension,44,1.5,public_transit
2026,2026,120,b2b28bf204263d79d4fdcb91d031f8b088ebd1c8ef4afab6648b37cc4b096f71,43.8308,-78.9503,5b283a19c4dc3709e8dcd905f86fb60ecbfaeba073a36fd5a513e96bdc840449,3,3,4,3,4,3,4,4,3,3,4,4,6,1.5,3,1.5,Yes,Yes,try to understand that everyone feels a bit nervous about new relationships,walking its healthy relaxing good for the environment,18ff74fee9cd5fb82304bd5a213c297ad89b48c24d59ca6db93d1465d18a5955,2026,2026,142,50,0-99,Male,Canada,No,Full-Time,3.2,3.6666666666666665,solo_apprehension,9,4.5,public_transit
2026,2026,136,f085161a761aab388d07a962e0d37d29a02907640b21c51b948fc4ed0f660de5,53.1587,-7.6366,9a6fb92d35a4765ddfc9e2b056d69bd5381851997e60bb445dab9237ab164ea6,5,1,1,1,1,1,1,1,1,1,1,1,6,1.5,0,1.5,Yes,Yes,that there is nothing wrong with that everyone is different,car is the best option as public transport is poor and not fit for purpose,c549dd3330c73c627f597af9f56ad7b06b45e47087f07836df929a707b1ac6c7,2026,2026,181,42,700+,Male,Ireland,No,Full-Time,1.8,1,group_apprehension,9,0,public_transit
2026,2026,120,e309395a7c07d9038e8f31d4e8b2c34402ed1942871adde5d903c26c9ca21ef3,42.7755,-80.2404,5a505b34a0db74683762d7eb6a42d436782a7504e2906a1f455c68ec96426651,1,2,2,1,2,2,2,4,1,2,2,1,1,1.5,0,1.5,Yes,Yes,tell them to take a deep breath relax and try to be themselves talk about things they care about and are interested about and take an interest in the other person,i would love to have automated cars everywhere similar to taxis hop in and be driven to my location without having to spend the energy driving,e8afc46257e783ca1acb110fdffe212034b01e9c8f83aeb88487c81230c4eeb5,2026,2026,137,26,100-199,Male,Canada,No,Full-Time,1.6,2,solo_apprehension,1.5,0,public_transit
2026,2026,133,8f975dbed2683c1010d7de8ea59eea82c720f7b9d34a59598f1d1a65010e3b03,39.6699,-84.83970000000001,f5a66297007dc67c8321d56e0778fd9da5683c56fce8d5f619c6d0504fd77540,2,2,3,3,3,4,4,2,2,2,4,2,0,3.5,0,1.5,Yes,Yes,just pretend that youve known them for a while and have no expectations,i prefer to drive my own car in my city now because it is not busy when i lived on a college campus i preferred the bus,9b0bb73772c7c81308500b493883773592bdcc960327fa40d91a852b9d5a1d10,2026,2026,142,27,300-399,Female,United States,Yes,Part-Time,2.8,2.6666666666666665,group_apprehension,0,0,NA
2026,2026,117,cc64e97b0b03db1af358d98ce177adccb28521bdc8d08729ce01aa101280e45a,55.624,-3.1784,5651a3644c6d6b9d6ad01d4880b6599e3c7e2b821679f6100eba1a153142b3fe,2,2,3,2,4,3,4,2,2,3,4,3,0,1.5,0,1.5,No,Yes,relax and remain calm and practice learning to communicate with others more often,own car is the easiest way to get around the city,52f3b97b74146e5b45fba4ba427c46a641f71b5b30b5a48200b091327d1fb9b7,2026,2026,319,34,700+,Male,United Kingdom,Yes,Full-Time,2.4,3,solo_apprehension,0,0,NA
2026,2026,123,b9e86a65ba374e1657b4f4b26f2f9f5e4aa207e1106af57860f507270b5eb8c4,42.7806,-80.586,7eeadc2fe43a88ca42bcae1c060c01ea940649834194677d36307aa85e12a7c1,2,2,2,2,3,3,2,2,2,3,2,2,8,3.5,0,1.5,No,No,i would tell them to start with small talk to feel more comfortable or try out some icebreakers,i prefer taking the subway over taking the bus or the streetcars because its more frequent and quicker in my opinion,d99d42aee822e9b8e045b86e011c3941799578665a54c6c0633557340cab21a7,2026,2026,134,21,700+,Female,Canada,Yes,Other,2.2,2.1666666666666665,group_apprehension,28,0,public_transit
2026,2026,118,73494df8ceb552ae48ed3cbb0431b7939cb745376a6452e184c4daff877037b8,26.5981,-79.9148,e5e4aa2160893c19db0f744bd4d5c0b16f613355754865fc64cb74a3ce757e6e,2,2,3,2,3,3,2,2,3,3,2,2,1,1.5,1,1.5,Yes,Yes,i would suggest that they imagine that theyre talking to a friend or family member and dont worry about who theyre talking to,turn over the best way to get around in my town is either to drive or to take ride shift but when i need to go out of town i generally take the public computer train,d0078eaf1168d964da3b07d157507a1fa26122d6d22d70c281aaae30e1356bba,2026,2026,144,62,700+,Male,United States,No,Part-Time,2.4,2.3333333333333335,group_apprehension,1.5,1.5,NA
2026,2026,131,d2799252d07367715aca920843ec50994b23a58c4d6c19d954f17c46b5718c5e,31.8384,-94.3998,601b400556a75119b237646aa088198be8ba185f5a5b3c81c3588416142acd70,3,2,2,2,4,2,2,2,2,2,2,2,6,1.5,3,1.5,Yes,Yes,take a deep breath and just be yourself say what you feel it isnt the end of the world,if its within walking distance ill walk that way i dont have to worry about getting stuck in traffic or parking fees,7f1d0a9af9f1109c197da2b8888f8342d3ad6b95975d889278989d2d5a1edc7a,2026,2026,160,38,700+,Female,United States,No,Full-Time,2.2,2,group_apprehension,9,4.5,public_transit
2026,2026,142,d2e912295879adf107a654b9b087389f3792c4848a332708938ed0a51185aef3,41.7453,-81.0566,2431de6253439a2a8dd040736a49ecd2bad6ce5b0d1527b7ac8284b7ac40f022,3,2,2,3,2,2,2,2,2,2,2,2,6,1.5,1,1.5,Yes,Yes,to remind yourself that the other person is probably just as nervous of you too,i would love to live in a place with more reliable and convenient public transit so that i could get rid of my car entirely,26e715d6c3e03ad174e06bba78d856a0bd6b223c96eccbee029361506cffd5da,2026,2026,161,40,700+,Female,United States,No,Full-Time,2.4,2,group_apprehension,9,1.5,public_transit
2026,2026,127,b4a984059aa61f029e2b2977062d27dde7daf883ebfd24e5217ed007b1ebd84d,40.7373,-76.73049999999999,521ca46d992001d9dd12507c1225f0d60011522447dff1998de289901dd2320d,2,2,2,2,2,2,2,2,2,2,2,2,0,1.5,0,1.5,Yes,Yes,i would tell them to just practice talking to strangers when youre out shopping and places like that,i prefer to drive its the quickest and easiest way for me,1b10be81bfcdc472414d316db1a55b93f38611474af448541b70d15e844383dc,2026,2026,139,39,700+,Male,United States,No,Full-Time,2,2,NA,0,0,NA
2026,2026,152,2bcb6a9e48015ede55e08391b2c5e82899b0806d346f2b59cba893c6e0a2e009,52.3781,0.5922,42be387ad79154b97cafefaaf464ac57dacca6663a0330a3ddb7073ab4d4bdfc,2,2,1,2,2,2,2,2,1,2,2,2,8,3.5,6,1.5,Yes,Yes,i would tell them to take some deep breaths and make sure they are relaxed before beginning the conversation i would tell them to pretend like it is somebody they know already and imagine they are talking to them the whole time this will hopefully make them feel confident,i think the best way to get around my city is a public bus the public bus allows you to see all the sighs whilst you are on the trip and it is also the quickest for me,6baec0a8c1f50d888619eab7d0a798c2a2be9a7a14d84989f3cf9d54b89c0405,2026,2026,1399,28,700+,Male,United Kingdom,Yes,Full-Time,1.8,1.8333333333333333,solo_apprehension,28,9,public_transit
2026,2026,154,ac28a9edba7eb0e343b1a023b030948db5a8a7fe77ea857ef38cdebcafb663db,34.468999999999994,-116.8759,5afc1630f8d98f719050c5da87a28bb1e43c7c9a735e2d28236346006d90b84c,5,5,3,5,3,3,2,4,1,1,2,1,3,3.5,1,1.5,Yes,Yes,i would tell them you only live once and most people are actually too busy thinking about themselves to be thinking about you,i really love to walk where it is walkable the subway is cool as are the city bike rentals however there are not enough bike lanes these modes are great because they help familiarize you with the city rather than just sitting closed off in a car all the time,036bc3a7bff8c5c44378586c682cfc9e7108f633f05087765b91f99338a252bb,2026,2026,167,41,500-599,Female,United States,No,Full-Time,4.2,1.8333333333333333,group_apprehension,10.5,1.5,public_transit
2026,2026,159,456ed78317f982b3a11bdafe38e110d8e03b0f533c18e8ed4139068d8e5b91b6,51.7791,-0.3183,07f5fb1f13ca54c4656dedc37180539cbd5ea3323ec2bd908295fb5b23c478b0,1,2,4,3,3,2,3,4,2,2,2,3,3,3.5,3,3.5,Yes,Yes,i would say to take a deep breath in and exhale do that a couple of times to bring tre anxity and stress levels down then wait for an opportunity to join the conversation and just get invovled,i enjoy walking becasue it allows me to feel and breath the city both the sights and sounds also use public transport becasue its quick easy and cheap,7da0636a27367884a18da9b1c98cb9927e8dc3972df31fba4045e4ea8c614759,2026,2026,302,44,700+,Male,United Kingdom,No,Full-Time,2.4,2.6666666666666665,solo_apprehension,10.5,10.5,NA
2026,2026,151,59fcbdad244fbc862dd1bd205b75e3cc38f24cb7873244662df65094b1df28ef,46.076699999999995,-76.2681,825dbdd367e3fe7a25594ec7f6e4a8bbcee2a669076ff9ff5f90ea3bb14eb16d,4,2,3,2,3,2,2,4,2,2,2,2,6,1.5,6,1.5,Yes,No,remind them that they are just talking to other people  and to try to be themselves,rideshare because its usually affordable and much safer than my citys transit currently,74a9ce605bbc978ec34493795dbad3c025cf22e25a36b9e4a1371abdbaea778e,2026,2026,175,50,0-99,Female,Canada,No,Full-Time,2.6,2.3333333333333335,group_apprehension,9,9,NA
2026,2026,158,592d732faa1d898121f37071a4689001f2482364c1b99431c22f8590ed7fe5de,29.8957,-94.5414,da80c6ab9ad9ac3ae33a1edfd4ca1f2234b28adfaa50c5809b161e6f4e9db2f3,4,1,2,2,3,1,3,2,2,2,3,3,8,5.5,8,5.5,Yes,Yes,to relax and not overthink it since all you want to do is be your own self,the ideal way to get around the city is using the bus since you dont have to fuel your car up and you dont have to check it to make sure it still works in the first place,b3459cefd012876e71640f4712ecdaec351653612739fa57e434ac158e37448c,2026,2026,308,28,700+,Male,United States,DATA_EXPIRED,Full-Time,2,2.5,solo_apprehension,44,44,NA
2026,2026,157,2804dfb57cc53037b3ee2c56264b37da92c0293899f11879a2bbdd35a145defd,42.5801,-72.0428,1503772a1dc4e9ef4aac2cc0d4e133c6f386270e0dcf9aab23731a81793fd08e,1,1,1,1,1,1,1,1,1,1,1,1,3,1.5,3,1.5,Yes,Yes,i would tell them to take deep breaths before a conversation and remember other people are nervous as well they are not alone,i prefer to drive my car when feasible but i will use public or private transportation when i feel it is a better option,a86c7fe501aa1e2ae09f1074be94f54fbdcdf31c918ae4a4662bafcf70bb681f,2026,2026,538,41,700+,Male,United States,No,Full-Time,1,1,NA,4.5,4.5,NA
2026,2026,187,743078abba2b7fcbecbb93e268df8f0acd773f5c79207a36fb021de5faf0817d,52.1145,-3.9975,3eebe5b3376e12915fe73703356e0637dadaaac3df3ff282b440816b09209668,2,2,3,2,4,3,4,4,3,3,4,3,3,1.5,1,1.5,Yes,Yes,that they are likely just as nervous and that being nervous wont enhance you in any way so just be you as thats the best you can be,it depends on where im going or doing but likely driving as its quicker and more convenient unless its really busy or i plan on being with friends in which we may enjoy walking,3c0eb082b4452e66fb147faf1e8aa2ffd8c8c2035a1cb44be97c77b6feb61b89,2026,2026,348,18,700+,Male,United Kingdom,Yes,Other,2.4,3.5,solo_apprehension,4.5,1.5,public_transit
2026,2026,160,f6d2505eac3ecf4f73fda5409dd44f68f6630891b13c2c9f938a454c8ee4a93f,33.951600000000006,-118.0202,3427b7819bdc9a2b33bd933d622d2f83bd873de9a0e6438f57132ada28bd48d3,2,5,5,4,5,2,5,3,5,4,5,5,6,1.5,1,1.5,No,Yes,i would tell them to try to be confident in how they feel about themselves and how they speak,i take public transportation or my boyfriend drives me,980dde925bab73a15b0511800d1185038b73169df490ef6222fb4028f833d4dc,2026,2026,192,24,200-299,Female,United States,No,Other,3.6,4.5,solo_apprehension,9,1.5,public_transit
2026,2026,182,7eeb189dfedd387738b49c40ba98c4a045e3abada76f96118d79acd337e88e1a,33.470499999999994,-117.5835,9c877156fed133764fd93ac9c6f5878f744da84538c8e117200a2793b8b5a982,3,3,4,4,4,3,4,4,4,2,4,4,0,1.5,1,1.5,Yes,Yes,i would tell them that the other person is also slightly nervous as well and you both probably want to get to know each other in that moment,living in america my ideal way to get around is unfortunately driving a personal car we do not have the right infrastructure for proper public transportation,de422e3758c04eab94b4961c0cfeb145601493aebfd50208201b6f2e1f931f27,2026,2026,189,32,400-499,Male,United States,No,Other,3.4,3.6666666666666665,solo_apprehension,0,1.5,rideshare
2026,2026,188,d2e5f4531722201dcb83da938860fd6695f5606f882e5dac0f98d9210f053c61,44.863,-91.6625,492e95559cabe4d9449360b650f08bafb7a10486536308ce7d5bd5057e8d206c,1,1,1,1,1,1,1,1,1,1,1,1,0,1.5,1,1.5,Yes,Yes,just remember we are our own hardest critics and people are generally thinking more about themselves than they are about you,the ideal way for me to get around my city is to drive because i have a license it offers me the most flexibility and freedom and i enjoy driving,4b98b90f6c82428e8e48fcd23ad9bd0cd8e080842773ae02c5bf9ffc62013944,2026,2026,198,54,700+,Male,United States,No,Full-Time,1,1,NA,0,1.5,rideshare
2026,2026,194,331095c1ee195a02a4110d449c89c837c790e1612b8a5a50cfe2de64933ae504,51.8964,-0.7524,552bb67894d190042e297453b66c114ca555c85101cf0fd72646d863eb01ec18,4,4,4,4,4,4,4,4,4,4,4,3,0,1.5,0,NA,Yes,Yes,"i would tell
them not to worry i have that aswell and breathing excersiees can help alot aswell as inhaling lavender oil",driving becsuse i have my own freedom and dont have to ve next to strangers,643296fbff9d5977181ba5a25b7d101c2f3109b8d56acdd7dd3ceeb11269f5d5,2026,2026,214,45,700+,Male,United Kingdom,DATA_EXPIRED,Other,4,3.8333333333333335,group_apprehension,0,NA,NA
2026,2026,143,50ba663b10e800b2d4a8148ded44c56c94c34b42d0a9253c3df291c30def51b5,39.4795,-75.95660000000001,224b97805cddd3ea62349441947e31b97c6c68c8d57451c05fe6f48dd36feac7,2,2,2,3,4,4,4,4,3,2,2,2,0,1.5,1,1.5,Yes,Yes,i would tell them not to be that there is not reason for being nervous people are people,my ideal way to get around the city is by foot you can see much more if longer distances i would choose my own vehicle,b9859980b15a5aa671f41f2eb02a0ceac43881053c57195787c672b41082afc5,2026,2026,167,32,700+,Male,United States,No,Full-Time,2.6,2.8333333333333335,solo_apprehension,0,1.5,rideshare
2026,2026,169,21f2402c6600b7a0dc65ed47c0178d1ee5cb18097d167b46432c8fad4db8687b,53.2659,-1.8428,6510f683db88adaf0c622b7af17b67d5390a2a01670f9790946418a3b960de2f,3,2,1,2,2,2,3,2,2,2,2,2,1,1.5,1,1.5,Yes,Yes,id assuer them of their value and likeability and that they will make a good impression,i would love a very cheap integrated system of tram train and bus but realistically car is the best method currently,276d674e485475a32f2ff8a4891bb7a036f39c256e2b4305e611054ef93e948e,2026,2026,185,33,100-199,Male,United Kingdom,No,Full-Time,2,2.1666666666666665,solo_apprehension,1.5,1.5,NA
2026,2026,199,d53cc43bb8faa8cd9fc533e007bd4935bbab34bb576aa4ec120185156f26c5e5,56.1027,-5.1065000000000005,fb7b411a0e83ac6fb85bf20c0e62e0f4d1942343126a2d697631c6c3f394df98,4,4,4,4,4,4,4,4,3,2,4,4,3,1.5,0,1.5,Yes,Yes,the other person likely wont be thinking as deeply about the interaction as they are,i like small walkable places if a city is larger i like when there are good reasonably priced parking areas,eee89995f7e13eddc3b940f0a5d3e6c078e743318dc38695c191e53e5a63b762,2026,2026,210,21,100-199,Female,United Kingdom,Yes,Other,4,3.5,group_apprehension,4.5,0,public_transit
2026,2026,182,692345ac174600547f639e5f7b3aa6825e4c0ce98da678ff83de4dc930cceccc,40.5893,-76.46300000000001,e21f07493dd1dcc3623d141df8b718e376a303a6bb6a8932af1e4417297a9942,5,5,5,5,5,5,5,5,5,5,5,5,0,1.5,0,1.5,Yes,Yes,remember the other person is focusing on themselves too instead of judging you,i prefer driving my own personal car because i can make my own schedule,dd72358cbd412649401001db3b56ad6c0b5917e32705195936e6b41da57e5134,2026,2026,207,28,700+,Female,United States,No,Part-Time,5,5,NA,0,0,NA
2026,2026,151,565363ff25f40922b755af4fb04b38b34f03b8b7154ea5637d74c7e4b73d3246,52.1778,1.0821,a510cba951280429c5ff5bc575a056bfa2cca804f777890bdd6d85cd985d6b9f,1,1,2,2,2,3,2,2,2,2,2,2,1,1.5,0,1.5,Yes,Yes,relax as much as possible and try not to worry what they think of you dont overthink,my own car its the ultimate sense of freedom,65f7034aa39c8de4c19d7d4cde62ea3d7028369ee744d865349646e752431ce2,2026,2026,173,38,200-299,Male,United Kingdom,No,Full-Time,1.8,2,solo_apprehension,1.5,0,public_transit
2026,2026,118,1b36b51115ac4b87c4d6911b85f2623171acaf4ad8e05f8ce91280bad55e1b0d,41.5871,-73.26089999999999,2fc9545e7ba8b60e7e4eca95f978fb0aa78399e808053c092cd100a9c04d32c5,2,1,2,1,4,2,4,2,2,2,4,2,1,1.5,3,1.5,No,Yes,just go with the flow and act natural,walking or taking an uber  driving in the city is too much of a hassle  if you dont have to go far walk  if you have far to go take a can or an uber,759b574fbed1e3a1ca91067c8384fed406ee509b7362f0d16f1dcbb8516d994f,2026,2026,128,46,700+,Male,United States,No,Other,1.6,2.6666666666666665,solo_apprehension,1.5,4.5,rideshare
2026,2026,189,a4d218b189cae7641319cd3117a73c38765ced23ddd53ded108d43854c445a9c,42.838899999999995,-80.40020000000001,c011fa7a1c3ad51f1715a364f23b83fe587648f7e6b10b83ca8366383f48817b,4,2,2,3,4,4,4,2,2,4,4,3,1,1.5,0,1.5,Yes,Yes,focus on questions about the other person people love to talk about themselves so it makes it easier and all you have to do is listen,my ideal way is my own car its faster and more convenient,6b65b14f5371fd6b909db1e96d1391bbe473c865da0c47ab50d3ad356a6b5bf4,2026,2026,187,33,300-399,Female,Canada,No,Full-Time,3,3.1666666666666665,solo_apprehension,1.5,0,public_transit
2026,2026,189,b80e33cb4e48cc4f156c9a3c37838e8a366eaf825478d48f80f123c55fd27113,37.258,-121.9876,c62120db8ae116bbe9e85ea5dc1ae522757e9fdfd7cff144763d0b857de968ce,4,2,4,3,4,4,2,4,2,2,2,2,1,3.5,3,3.5,Yes,Yes,just breath and be yourself listen to what others are saying and speak when it seems like a good chance,drive myself that way i am in control,e8b7bc320abbc30b915e6b3bb6a98877d4fe16ee7a7179add6e8f49477f20019,2026,2026,199,56,700+,Female,United States,No,Full-Time,3.4,2.3333333333333335,group_apprehension,3.5,10.5,rideshare
2026,2026,127,5746b62607ff6aadf7d6db85ddaa0c92a5cbfd5ca9cb03d39af9a227de83139d,37.5637,-77.4502,9a0ceca8a9f30fe906cd4ab97ddb01effcd8f777ccc65f7d8d47fc390980799b,2,2,2,2,2,2,2,2,2,2,2,2,3,1.5,1,1.5,Yes,Yes,i would tell them to just take it easy and that everyone feels that way sometimes,my preferred way of transit is my electric bike for shorter commutes and my car for all day excursions if im out of town ill use rideshare or uber for the convenience so i can lend my vehicle while im gone,8b802c3e3a3d60e3628436aae59a438d0471abcd941c0e9fa514aaeb67486812,2026,2026,257,30,700+,Male,United States,No,Full-Time,2,2,NA,4.5,1.5,public_transit
2026,2026,217,5828d7a07d0e56a4b0beddfa3ace585835ce9dbd831a750f685e95d1581d4da1,52.673,0.41120000000000007,d65f865744801e9eeff43f199b7bd2fb93f8ccbbdee4767194ce570489a32e03,3,3,4,3,4,3,3,3,3,3,3,4,1,1.5,0,1.5,Yes,Yes,i would tell them to just be themselves and relaxthe other people are probably a bit nervous too,by car because there is no public transport available where i live,4f6939f314c29407e521bea491477e9e02fa5e0a5edc8a94661ed8883e80a75a,2026,2026,218,61,700+,Female,United Kingdom,No,Part-Time,3.2,3.1666666666666665,group_apprehension,1.5,0,public_transit
2026,2026,204,a10f09fcdc6f9771305ec81562134b46bf41eac4dc39d9952545ea1f1bd84db6,52.0564,-0.1424,ba5a07538964cca5db14208b6d3a24e9cb0a1d5c04256021e270169f603810df,5,4,3,5,3,3,3,2,3,3,4,3,3,1.5,0,1.5,Yes,No,it would be that it really doesnt matter at all no one cares about anything really except themselves so just go ahead and do what you want to do,i like to use trains they are most convenient,c30deb8039afd504580d4fee20dcfd28ae7a3e44b34508f7f597d6dce41a9d7c,2026,2026,214,41,700+,Male,United Kingdom,DATA_EXPIRED,Other,4,3,group_apprehension,4.5,0,public_transit
2026,2026,182,b921c30d4e05a1062235826c7491699678ea55f24cd1045461376006c205c094,51.3981,-0.9778,f9b7e8e14886ef076c81618b13cd371f9eab7daba91e4df2b5f2747037ec5aea,3,3,2,1,4,3,4,3,2,2,3,2,8,1.5,0,1.5,Yes,No,ask questions and genuinely be curious i think its really easy to be nervous about knowing what you shouldshouldnt say to a stranger if you can take the pressure off yourself and ask other people questions instead it can make things so much easier  and then if you can find something you have in common its even easier,i live in london and i always love using the tube it gets me from ab super easily and i know it runs reliably enough taking a bus is also quite fun because it means i can see a bit more of the city compared to the underground walking is nice too but london is so large sometimes you cant walk where you want to,aedabcf885d0ed3a3e4dad4c0bb2229c93d35f6d1021cda83e234a3cc12b859b,2026,2026,197,25,0-99,Male,United Kingdom,No,Full-Time,2.4,2.6666666666666665,solo_apprehension,12,0,public_transit
2026,2026,179,f14e4a703a1e9a9602bcc1294803805758f47e4b37b67840072e505341fb2e02,44.5133,-88.65639999999999,f04997a2270bea850911b8274f08c945a5dc586f5d0ab454a89efdffc408aeb6,5,5,5,5,5,4,5,5,5,5,5,4,0,NA,0,NA,Yes,Yes,just do it it will never get easier if you dont practice,my ideal way would be able to safely ride electric bikes,c74c439c0255907846c38e7694459693a87441a05ae40cd3e8079fe7b13d948c,2026,2026,207,39,700+,Female,United States,Yes,Other,4.8,4.833333333333333,solo_apprehension,NA,NA,NA
2026,2026,203,c39cff0dba46c70ce5602c5c8ab44beb78dd36ede2b3d8bfc16dfff03a4f49e4,54.68,-6.088,6de01ad713f78e3f71a356e1ddf72747325b0da002f0ae18dd9f59fe8b4c7783,2,1,3,1,1,1,1,1,1,1,1,1,6,5.5,3,1.5,Yes,Yes,try to remember that everyone gets nervous but that everyone regardless of status is a human we all have families and homes and lives outside of our role or status plus everyone poos,i like to walk around my city where i can i will then use taxis and bus to get quickly from place to place,56e144adbe8d93169ae22ef24c266b7ad75f25782fde4820dc917146a34b9a9d,2026,2026,241,36,0-99,Male,United Kingdom,No,Full-Time,1.6,1,group_apprehension,33,4.5,public_transit
2026,2026,163,4fbf53e59fa6f4f7b30525587b7ba8a8376ba485cb2aa331432a6d5259aff403,52.313100000000006,-0.4638,ced5fd157d4c771a0ea7d044ffbb1e09e8b725d0d7ca0d0d3bdd23a857d57db7,3,2,4,2,3,4,4,5,3,2,2,4,8,1.5,3,1.5,No,No,relax and imagine they are talking to a group of friends,public transport because its cheap and quick,27c6c5a420d6cf6a3d2c951a12d0700582380362a80cf1c228cd8a691929b439,2026,2026,213,29,300-399,Female,United Kingdom,No,Full-Time,3,3.3333333333333335,solo_apprehension,12,4.5,public_transit
2026,2026,184,c428175dcdc7037a40c464939915ecfcdc1440f75a13628f2864bbc9e6de5d73,48.7415,-89.1121,f3ab5b993e6b13f7723ae1194c6b9a595206edcde43b1d00ae3f3a2778e3c3d2,4,4,5,5,5,4,5,4,4,3,5,4,0,1.5,0,1.5,Yes,Yes,i wouldnt use the old saying of try to picture everybody naked because that was a distraction  id just say to try and find a moment of conversation with a subject you know you feel good about and knowledgeable and try jumping in there,ive got a car thats been my main mode of transportation for the last 10 years  and ive always relied on my own motor for getting around  i live on the outskirts of town and theres no public transportation that comes anywhere near us and it would be super expensive to take an uber or cab every day,2587d0166738335fe637659cf6aa4bf91cb58bcbafd72a4a60b1c5a0f9dbec0b,2026,2026,198,43,400-499,Male,Canada,No,Full-Time,4.4,4.166666666666667,group_apprehension,0,0,NA
2026,2026,195,d226f2d8e69d3e3959bb9eb0ddb0563fda5dad47ff3b4043e3122099f6618f56,53.419,-2.0866,4f3f9396f86f2f4f82696e84877f37a55e1b58053ca9c960c088a9c74dfc7f01,2,2,2,2,2,3,2,4,2,2,4,2,3,3.5,3,1.5,Yes,Yes,id tell them to understand that everyone is nervous to a degree so most people they talk to will be able to empathise with them,i would normally walk in my town as it is fairly walkable it would be the same in the 2 closest cities as well although i may take the train there for longer distances,0654f7964cfe78cc0240db659e63e6edd80cd100a92e909856f2289a87f8b4b3,2026,2026,203,33,600-699,Male,United Kingdom,No,Other,2.2,2.6666666666666665,solo_apprehension,10.5,4.5,public_transit
2026,2026,197,96d41652485e4ea35d067efbf11ad82b0a4481e33d260973744deb8fd53a80be,39.2772,-121.502,9ada2b224a90dbb8ae434399155a48d5c721679bd065ae73274847e026ab7267,5,5,5,5,5,5,4,5,4,4,5,4,0,1.5,0,1.5,Yes,Yes,i would say to be yourself i think that is thoughtful and meaningful enough,unfortunately i do not know i am new to my city so i have just been getting around by car,af978f30220b9c48ad3482de38fa1e1af2a8676a6620a03e0c77d14e8cea95d2,2026,2026,563,27,400-499,Female,United States,No,Part-Time,5,4.333333333333333,group_apprehension,0,0,NA
2026,2026,186,6ead59878e44896b4937d9391254e2ae77f4ea5bad59d1a39c88f24127aaa024,48.2593,-53.9651,726abe65c68bea0de944771cc7a2a6c099b2c3f93ebfdf152b1ad56104d875ed,4,2,1,2,1,2,1,2,1,2,2,1,6,1.5,6,1.5,Yes,Yes,remind them they are just as good as anyone else and tell them they are brave,car because my community is very rural,19ae3d2a63151c3ec5a66292df74d0c80a6ba2e2f220faac6f3f29bc9eba7579,2026,2026,203,60,700+,Female,Canada,No,Full-Time,2.2,1.5,group_apprehension,9,9,NA
2026,2026,194,c865e34b18aeefe32f38b076983f645c1e099785771eec15170796b079e001e8,36.782500000000006,-115.1289,409b9e7d7f0811e873e77f18d4cda233b77dd1c1162fdb10d011a89fa8649a4f,2,1,2,3,2,2,2,3,2,2,2,1,3,1.5,3,1.5,Yes,Yes,approach the conversation with curiosity instead of focus focusing on yourself to do this ask openend questions and listen for something you can build on in their response  its also ok to start small as a deep conversation wont happen right off the bat,my ideal way to get around the city is to use as much public transportation as possible railways and metro would be my first choice in public transportation followed by buses if neither of those are available i would choose to use my own private vehicle,4d0975af8830acf0605b30b291218df0448e6ecbc20e6720585ec30a7c484b74,2026,2026,210,37,700+,Female,United States,No,Full-Time,2,2,NA,4.5,4.5,NA
2026,2026,227,aa2c789c5d2a261fa6eadc929900b308c2fae5c673213b319ddb8fdea722d611,37.1008,-122.8138,824e6158f3fe9ca2d5f5a900c63904b01bc648d6a92dda58f6b1ebd2c38cd08a,4,2,4,4,4,4,4,5,4,4,4,4,8,3.5,3,1.5,Yes,No,id tell them to be kind to themselves and think about it as a physical response that is pretty common for people to deal with and something that can be improved,i love public transportation and take the bus and light rail as my number 1 option and walk mostly everywhere that im able to,f75c0afcd2dddddcacc6f73511223545838ef8742115e4d6b27218b26f79a2ff,2026,2026,224,42,700+,Male,United States,No,Other,3.6,4.166666666666667,solo_apprehension,28,4.5,public_transit
2026,2026,154,80ca8bf1d997747e936dc481ebe5cb74b8c7abb4107044dbc9d252c12ea3ebd1,53.1664,-1.9207,8e831cd00341372c0c7463938a55ad43e811a06864abae07d126dc1a13a2003e,2,2,2,2,4,2,4,2,4,1,4,2,3,1.5,0,NA,Yes,Yes,stand up to your fears and gather up the courage to talk to someone it will improve your people skills in the long run,i love to drive around the city in my car as it is just an easy way to travel you just get in and drive without most of the time worrying about having trouble parking you may see traffic but its not too bad in my area,9ae70f81a99882d8f469799686772c68b484b1c3c747c3de64dc1c2c80177ccd,2026,2026,521,17,700+,Male,United Kingdom,Yes,Full-Time,2,2.8333333333333335,solo_apprehension,4.5,NA,NA
2026,2026,215,41b6a8831a41e50742f52f1e57618587ddb9dfabe678f2101aa235669a732a66,46.0299,-74.1304,2698ceeea3b488344028f36ddea21d6f10eb7e9f6f52b45b600f3cb73c5a653e,1,1,2,2,2,2,2,4,1,2,2,2,8,1.5,3,1.5,Yes,Yes,i would tell them to practice speaking through phone calls or to a camera and remember no one is judging them or trying to make them feel uncomfortable i think the best way to practice is through exposure start small and work your way up,my favorite way to get around the city is either train or though ride share services its more calm and relaxed and easily available where i live,ebe9eee5276aa1c4f008ace1f3b19606b46dbf4f9e1551a4f22d78add6dd57c8,2026,2026,259,33,700+,Female,Canada,No,Full-Time,1.6,2.1666666666666665,solo_apprehension,12,4.5,public_transit
2026,2026,165,85dfbca225406db031186a919cf7b04531f239c1a0667db01fce320369488efb,40.8109,-73.9353,dfc799ffbe5cf562ec1a2df4311b543069f4f257aa839505340a2b6aa04b9d51,2,2,3,2,3,4,4,4,3,3,4,2,6,1.5,3,1.5,Yes,Yes,just breath because the other person is probably also not completely comfortable,if a city had good public transportation and a walkable city that would be ideal,8cb464c699fec7e1bea87e6cb6837c920aa6d843eb07cea98052b12e856b61ce,2026,2026,174,19,700+,Male,United States,Yes,Part-Time,2.6,3.3333333333333335,solo_apprehension,9,4.5,public_transit
2026,2026,216,3039bf5d37e473b17dc0c72ceb491973a3d1c583b88a741052f2f1aa6794e690,52.3664,-0.563,1399df779cf74485248614c2917af8b3625885fff62a644f7120d283bd93832a,2,2,2,2,2,2,2,3,2,2,2,2,6,1.5,0,NA,Yes,Yes,id tell them that no one is judging you as much as you think they are theyre also just trying to get on with things and not make a fool of themselves,i like to walk whenever possible as i feel you discover more this way that you wouldnt have otherwise seen if the distance is too long to walk then ill use the public transport network for instance the tube in london the subway in new york etc so it depends on what is available wherever i am at the time but i usually prefer these modes as they dont get stuck in traffic on the roads so its less likely to suffer delays that then throw off your whole days plan,188a78e9c5645388317e37c8d31c47bdb6ac29a0e14dd30d59eb54a7d639b04f,2026,2026,236,45,700+,Female,United Kingdom,No,Full-Time,2,2.1666666666666665,solo_apprehension,9,NA,NA
2026,2026,199,2c0810c05bdcd8a76d41e0f1469ee4e6e8512600e6258b988b6dbe1333b71fd2,42.302800000000005,-89.4571,b77f43ac9d47e74e193b6ca42953e7bed6ba19e78e26c63af969b3570ee40d79,3,2,2,3,4,3,2,4,2,2,4,3,3,1.5,6,1.5,No,Yes,remember they are humans too take a couple of deep breaths before starting,uber is my usual choice especially at night the city isnt safe anymore so walking is rare,5c059e6583364f449477011af13728c01cec2c05fea83d968490279a6152c757,2026,2026,223,34,700+,Male,United States,No,Full-Time,2.6,2.8333333333333335,solo_apprehension,4.5,9,rideshare
2026,2026,228,536d2d22e919d0e0897c3ddcab8c81ef5502034cbca681e3a9bae7007f23a402,54.83,-5.968,24aec908fc451525c562f3c971195b9b6b62b596a3e9dc18f5531b440898d4ab,2,2,2,2,2,2,2,2,2,2,2,2,6,1.5,0,NA,Yes,No,that it just takes time to grow in confidence to get rid of the nervousness and too start small with only acquaintances of friends and not full strangers,this really comes down to a city by city basis there is some cities i dont mind driving around or catching public transport or some cities public transport and getting around is so terrible its worth while just to walk,63386ed72a325a35f9b875feb8d6aa6c40c483b1ab39e28c43c220f192ab6176,2026,2026,256,34,200-299,Male,United Kingdom,No,Full-Time,2,2,NA,9,NA,NA
2026,2026,236,e9429f96dd32aa1a09afed2090948c89eb604d26e687f0942f266ff1b37c2ea3,32.1123,-84.2715,5b63c889cdfa49c22fc68663ef6c7b84e08c9a4af3bd10dbc1807ae9d71838a5,3,2,3,2,2,2,3,4,2,2,3,2,0,1.5,0,1.5,Yes,Yes,just take some deep breaths and talk about things you know and are comfortable with,i drive out car its easier to get where i want to go and arriveleave when i want to,bbe19729f679347a581b1ed53cc4138c798801567747c05e4dcb01d28bcc4f93,2026,2026,263,34,700+,Female,United States,No,Other,2.4,2.6666666666666665,solo_apprehension,0,0,NA
2026,2026,217,1c2abb57bec237da624b0066476f556e03fcacf98cf9f8f3461695875dfa926f,35.2671,-86.4561,688a7c86a1dd4cb7a395ecd05e2c45a2ade60adce8b3ca99c24a2aa67b2bdefe,4,3,4,3,4,4,3,5,3,3,3,4,0,1.5,0,1.5,Yes,Yes,i totally understand that feeling i think its important to remember that the other person might be feeling just as nervous as you are just do your best to be yourself and you will be fine,driving yourself is really the only way to get around in my city theres isnt much public transportation available,0ee7fa9ba2366722629f11284b59163ed6a2f501cba587270652aeee8466ed25,2026,2026,249,39,700+,Female,United States,No,Full-Time,3.6,3.5,group_apprehension,0,0,NA
2026,2026,207,f820ebd1bb4c4076c71660b613a8497c79e1ff213a7ef4f1f4561d51f2bbcfec,37.1742,-90.8182,c56a08b32398a2374e9c5e82c2d9dae2a8846b7818616ea7aa1fa0a63065f399,4,2,2,2,2,1,2,2,1,1,2,1,3,1.5,3,1.5,Yes,Yes,i would tell them to imagine that all people regardless of who they are are no better than anyone else the person you are talking to is probably just as nervous as you are so in that you are already alike,in my local small town i drive my own car around as its much easier for me however when i am in a larger urban area where traffic is more intense and parking is limited or expensive i will use taxis or ubers,dd42c5c725a1d253469c91b73bc8f4bdbd4e6938786529d9a1c04ea4d6fffeb9,2026,2026,233,51,700+,Male,United States,No,Full-Time,2.2,1.5,group_apprehension,4.5,4.5,NA
2026,2026,221,b73db908b0fd4b59805e26cfd72267296b3d548ab7f1bd2ec97708cbe84e60e2,38.0619,-121.0619,5c983274017a8cdedc3d7e32040d89e6d17f0ed582410ecbaf0c1c08aeb9ca3d,2,2,4,2,4,4,5,4,2,3,4,2,0,1.5,0,1.5,Yes,Yes,i would tell them that its okay to be nervous that the important thing is to push through that discomfort and communicate anyway the way we learn and grow as human beings is through exposure to other human beings,my ideal way to get around my city would be to take public transportation i strongly believe that we should all be doing the best we can for the environment unfortunately i live in a rural area that doesnt offer much in public transportation and so i am left with no choice but to drive my own car,075e18e36c2d205d2f93625c84bf483164964fc375030a5dbc95468127694945,2026,2026,248,50,700+,Female,United States,Yes,Other,2.8,3.3333333333333335,solo_apprehension,0,0,NA
2026,2026,253,43c439544d3eeed00a3010219a68908c36dc0463c0428c1eae6f7e2ce5a0a49d,41.0186,-87.1888,79a7690ded603d7a1fdd9aba77ef07ee3e4ebd7bbb96773783b56a76b4dd5277,4,3,4,4,4,3,2,3,2,2,3,3,6,1.5,1,1.5,Yes,Yes,just take it slow try to formulate your thoughts and think before speaking so you wont make a mistake if you speak without thinking you could make a wrong first impression and could rub people the wrong way,my ideal way to get around my city is taking public transportation whether it be the bus or train living in chicago its the best form of transportation we have the cta which connects to all over the city and neighborhoods outside of it arrival times can easily be found on the cta tracker website making planning easy,36458c94d472a985bb1c532e88cda25262a885d953825daa794994d55ec1b7e7,2026,2026,279,24,700+,Male,United States,No,Other,3.6,2.5,group_apprehension,9,1.5,public_transit
2026,2026,170,ad658dbdd18a0f90372600d638304decc22c471ab5f2c521e595fc97f7e39dd8,51.2309,0.14440000000000003,cda2d5911c5fefe5d8650ddc6c3015d9dbc7991707a9306522f7c9873605d955,4,4,4,4,4,4,5,5,4,5,5,4,6,1.5,1,1.5,Yes,Yes,i would tell them to try and relax and not overthink what is being said  do not over compensate for silence either as that makes the situation even harder to manage be yourself and try not too focus too much on thinking about what to say let it flow naturally,my ideal way to get around my city is definitely by car as the public transport within my city is very unreliable and quite busy due to this and living in a busy area,f8eb8c389d782a3953dbe8b9055be63ad9accc1134f9da3c6fffb1d7ca0862fe,2026,2026,238,22,700+,Female,United Kingdom,No,Full-Time,4,4.666666666666667,solo_apprehension,9,1.5,public_transit
2026,2026,256,1fa54b09a1f26bf93daa11a44b98b164b33898bc6ace32d9ea237e8e244421ff,50.9184,-4.576,95ed67f67dae85a33b5f68f5e50bf019dffb7409de52a177f0ce4ccebe52e847,3,2,4,3,4,3,2,1,1,2,3,1,8,1.5,0,1.5,Yes,Yes,my advice would be to stand talk and act confident the other individual that you are talking to are more than likely feeling just as nervous as you are after the conversation gets flowing you will soon feel relaxed,i prefer to use my own vehicle for transportation around my city we are largely overcrowded and it can be difficult to get onto public transport ie bus uber lifts etc the only negative to driving my own vehicle is that it is not always easy to park due to lack of parking spaces,a4ecb1b671e2091db9b559a70bb7edb910590acc22816227a0395a6b81df3ccb,2026,2026,273,33,100-199,Female,United Kingdom,No,Full-Time,3,1.6666666666666667,group_apprehension,12,0,public_transit
2026,2026,248,1dfee2e893070a20f3c7d4a2902e203a5c0181cec32247429bb25a5621deeab5,39.8869,-76.7103,d1877c807e7cfbd218196d57f1dd184643863d06e6363579390683fd2ae81cc5,1,1,1,1,2,2,1,2,2,2,1,1,3,1.5,6,1.5,Yes,Yes,hello that is normal for someone to feel i think the best way is to start being involved in small group talks and they get bigger with time as your courage grows more and more,i mostly prefer using rideshare apps this is because i think they know the city so well than i do,e10b664b214843ae3a9d6ca133e5e9baccc38c0597b34c983fa77bcdb1d8e82f,2026,2026,300,39,700+,Male,United States,No,Full-Time,1.2,1.5,solo_apprehension,4.5,9,rideshare
2026,2026,142,8dc305a3ce1c25a80baf641cd9746aa782e40291d492a329c70233ef64ed540e,38.7159,-85.41,2d4ac125c9c68840a8575bd1668214b40367b4f534f739c84503e268fdd52d5a,3,3,2,2,2,3,2,4,3,2,2,4,3,1.5,3,1.5,Yes,Yes,i would recommend they not put so much pressure on the conversation if it doesnt go well you dont likely have to every see that person again,i like to walk around my city because it allows me to see the sights and be present in the moment,708f18ae0ae60f08e68f8965594e285139a19e2882905ad0922718fa99cc7283,2026,2026,173,23,600-699,Female,United States,No,Full-Time,2.6,2.8333333333333335,solo_apprehension,4.5,4.5,NA
2026,2026,243,a148935acbdb03fda04446e0afbfaa3874850475c82fb7fc4b34dc2db75ecab0,54.0266,-114.2343,4c996e124e4b93ec09b007d5e70fe8d5036b517c3009cd610cda7a9c0c982328,1,1,3,1,3,2,4,3,2,2,3,2,8,1.5,8,1.5,Yes,Yes,i would say they should just try to imagine the new person as someone that is not a stranger then the conversation will flow easily,i use google maps because it is tested and trusted,802a09aa5822af4239293ebbfa301b1f905db84365554fa52da32d0b5f4acbfc,2026,2026,555,28,400-499,Female,Canada,No,Full-Time,1.6,2.6666666666666665,solo_apprehension,12,12,NA
2026,2026,243,5bad127023fc8eaebc1fffcb22ee280e0997ee29b831633f5418d47d1d4ce704,53.3524,-1.8663,f4fa246669e4ceed3cab6495c86cd5552d430f7da0c09f154271de041d62f55d,3,3,4,3,4,4,4,4,4,3,4,3,8,1.5,1,1.5,Yes,No,id tell them that refusing to act upon the urge to talk when its the right moment to do so will be something they regret since im talking from experience,i like using transports strategically so i dont get cramed into a busy bus i like to chose times when their are no pasengers interupting my comfort  in the hurying to their daily routing like going to school or work,53ffb1ffe34a2923f0e61534aa213ac91c0f94f4710e29e71216519f288f2497,2026,2026,276,19,700+,Male,United Kingdom,Yes,Part-Time,3.4,3.6666666666666665,solo_apprehension,12,1.5,public_transit
2026,2026,268,449703fd085cd712b527d3c26821074757caf1e362db911cb11f019d5eb2345b,41.3856,-73.94109999999999,a08338b44f7708b19fd1f8bb6ef8842b1473b9b189e97f264cb66f7e87caa68c,5,1,1,1,1,1,1,1,1,1,1,1,8,3.5,3,3.5,Yes,Yes,keep calm and just be yourself everyone is here to make you feel comfortable,i like to drive my car when getting around the city,21e5c16b8d9c03c0e95a22bb96adf607f4631327163f89662254880e280ba6f0,2026,2026,292,50,700+,Male,United States,No,Full-Time,1.8,1,group_apprehension,28,10.5,public_transit
2026,2026,242,548610cc19546c7a407db79ed0584dfd271bde27875c2b94c149a7fd336092dd,33.846,-83.524,d3453828230e10570666932b2c528d8f73ec585747442e2f609697e32a175704,2,2,2,1,4,1,5,2,2,2,2,2,6,1.5,3,1.5,Yes,Yes,my friend needs to master courage and air his or her opinions not being scared,my ideal way to get around the city is when i am driving myself and using google map,d7553440471ed629b46f86434514ddb8117fd70e3ae67b0117bf8205fc83ce6c,2026,2026,484,32,700+,Male,United States,No,Full-Time,1.6,2.5,solo_apprehension,9,4.5,public_transit
2026,2026,283,4c190029708ab879b36e4521f34425ccd125162361b81654fd2ddada2373d0f5,43.2029,-96.406,28367bc595c10685c5017797915166ee4da391772e4ffb91cff563f21955a25c,2,2,2,2,2,2,2,2,2,2,2,2,6,3.5,3,1.5,Yes,No,keep in mind that youre new to them too and that they have real no expections of you to be any certain way it always helps me to imagine im coloring on a blank piece of paper when i talk to new people and how much i contribute and what color i use is up to me and comparable to nothing else on the paper,my ideal way to get around the city is on the public transit its more economically sound i get to just enjoy the view and even meditate and i get anxiety in traffic during rush hours when im driving,4a06eac549a66317f42c128cc9e25c3daf2b433555bbccdb5754b792973943c4,2026,2026,290,36,100-199,Female,United States,No,Other,2,2,NA,21,4.5,public_transit
2026,2026,258,175608a2cd41970ea8d347546404b9a1c5785c5387506c5a59a98571c8d90d0f,40.0143,-85.1082,745f89352168dab163ec0ac326a2cd7c939e20d2a2d772914acec24c1514ad47,4,4,4,3,5,4,4,4,2,2,4,4,1,1.5,0,1.5,Yes,Yes,id tell them to remember that many of the things were thinking during the conversation are likely not even what others are thinking about them,my ideal way is driving to get around unfortunately the public transportation isnt the best so it is easier to drive,323f0cb9e3d35ce4b849cd13200836bba645b7bafde9459af1b8462b9bfe8af8,2026,2026,278,35,700+,Female,United States,No,Full-Time,3.8,3.3333333333333335,group_apprehension,1.5,0,public_transit
2026,2026,243,ec85e9585fc4e43f334cef870a02643f3ced5d8d02a65b1d1034988ac74a566b,51.248000000000005,-3.8706,35318e96d9b881e070c4e3197b0078f084d77f314e457e48d4a138467510c821,2,2,3,2,3,3,3,2,2,2,3,2,1,1.5,0,1.5,Yes,Yes,be yourself theyre probably just as nervous meeting you,ideally i would like an integrated public transport system,9ed1b16393bf25a4dab30004892c13c13d5fb38a0206b1d790943b17d19f5507,2026,2026,261,53,700+,Male,United Kingdom,No,Other,2.4,2.3333333333333335,group_apprehension,1.5,0,public_transit
2026,2026,231,b302bfb457a4b19c862ae3d67ae33f7b361adf9027789217a54f800531e0d145,51.2039,0.804,d6a834baa0974b6ce96253ca7ee18e245fc7faa14a1daf485be3765e590a93da,2,2,2,2,2,2,2,2,2,2,2,2,6,1.5,0,1.5,No,No,just pretend to be bolder than you are act like youre confident and that you already know these people like old friends fake it till you make it,walking i can take my time take my own route and not have to worry about traffic or public transport delays,9d48ab7fc6ba963f74f27e3833e3b9ff2e0e7328b5e692e9a033b6d605df996d,2026,2026,250,41,700+,Male,United Kingdom,No,Other,2,2,NA,9,0,public_transit
2026,2026,264,23319d91e2ad96bada31d79a9a76060bfcda420e2d3317f1cba1913fdf8902a3,45.32599999999999,-65.6198,95589e45838f097214c07c089ccbc4ab8c006c5ff052d1200354c96adfc97a19,2,2,2,2,2,1,1,2,2,1,1,1,3,1.5,3,1.5,Yes,Yes,i would tell them that feeling nervous around new people is very common and doesnt mean anything is wrong with them most people are focused on their own thoughts and are usually happy when someone starts a friendly conversation i will give them the tips i use help them build their confidence and encourage them,my ideal way to get around my city is by driving a car it gives me the freedom to travel whenever i want without depending on bus schedules or waiting for rides sometimes i get bored and want to see or meet new people i take the train bus or ride the bus or train also helps me to save,c149cfaebdfa50cf1645650370e331753152d0c454a278cdc4f2a16f43c9dd09,2026,2026,458,45,0-99,Male,Canada,No,Full-Time,1.8,1.3333333333333333,group_apprehension,4.5,4.5,NA
2026,2026,277,f6d702204203070211c210ca34a43e35ff651ca763871477976be02d790a55e3,54.1812,-2.9425,7e302e00ae17d666575bc5cf542a77f3597bcc9b8647aa3077ce0e248c42b8aa,2,2,2,2,4,2,2,3,2,2,2,2,1,1.5,1,1.5,Yes,Yes,i would suggest that they consider that old saying feel the fear and do it anyway,depending on the city really  if in london i would use the tube,c20253d3b00d178c89cb85621aa418955ecdcc33fc687ff3e516bab34eb079fd,2026,2026,315,62,500-599,Female,United Kingdom,No,Full-Time,2,2.1666666666666665,solo_apprehension,1.5,1.5,NA
2026,2026,257,0108cbdd587f10b5dbeaef0b196e14651ae3a6531e80e32480593195c6bbb5b4,51.250400000000006,-114.7515,f844b759e28f8984d563890f25ef124b3895c11c66a886cd119d41dd48146356,2,4,4,4,4,4,4,4,4,4,4,4,1,1.5,0,1.5,Yes,Yes,try not to worry so much about how youre being perceived chances are the other people are also paying attention to themselves and how theyre coming off theyre not looking to judge you,driving myself is ideal because im not dependent on anyone elses schedule and i can go where i want when i want to in a short amount of time,c47bdaa6780c23b253c6aeed90f100cca2c7fcd5850f75db49a9e73e3c27aeb5,2026,2026,272,22,200-299,Female,Canada,No,Part-Time,3.6,4,solo_apprehension,1.5,0,public_transit
2026,2026,283,006e1682d13ccbf30f250e4009c97e6d9deb5291f186239ec4419c324733d7fe,39.5273,-86.9175,f9f9a78004affb6a32f1cb1195de363286b19c88822b1433b371a65c5ce8f059,2,1,3,2,2,2,2,2,1,1,2,1,0,1.5,0,1.5,Yes,Yes,just remind yourself they may be nervous as well just be yourself and try to focus on asking questions about them or sticking to whatever the topic is,i would prefer to either drive around my city or if its downtown then walk around the city one is healthier and allows you to see everything driving is faster and more convenient,ba13a988647e26a2bedf1c07879f1b978bfd9687659b08964208f95e320e9ac8,2026,2026,495,39,700+,Male,United States,No,Full-Time,2,1.5,group_apprehension,0,0,NA
2026,2026,280,292115af80efd88c7c68369114fa8404f4debfa1555988bd0d8f994bfa05c756,35.5711,-85.9596,ca7e199d6281489dd6b9675cb7effec47eaceae0834240c687e2a7dbf6063fdc,2,2,1,3,1,2,2,2,1,1,3,2,0,1.5,1,1.5,Yes,Yes,i would tell them that the only thing that is stopping them is themselves ignore how other people are going to perceive you,i drive a car and i prefer it because i enjoy being able to be in my own space,a1a9a8712d5c937dad93e8c03e1684f5d5409aaf5425a3ca5848892f3ed9381c,2026,2026,292,23,500-599,Female,United States,Yes,Full-Time,2,1.8333333333333333,group_apprehension,0,1.5,rideshare
2026,2026,301,d4dbe9527d7da5fd11ad74538e520ed5422d85e1129767508852faaaceda4870,54.0423,-8.830400000000001,21e912ebf7857c343510fd53b5c3fbf79f5ce4b4804d22d7525d783be87a0cec,5,2,2,1,1,2,2,2,1,2,2,2,3,1.5,0,1.5,Yes,Yes,i would suggest that they practice it by talking to new people at work as i feel thats a more easier situation to talking to new people as you dont have to think of a random topic it can just be work related,i prefer to drive me car as i dont like being in too much traffic while using public transportation,ff89bdefc6398ccf180f6fdacae53f4cddfc48c2a7b4e25488d61e3864865f86,2026,2026,320,23,0-99,Male,Ireland,Yes,Part-Time,2.4,1.8333333333333333,group_apprehension,4.5,0,public_transit
2026,2026,282,55e77963e9c8c27814f76ef57078d280997f882dd9a846248b07a58525d25fd5,53.772,-2.303,8bf270eafbb0894e4b0c7cbb3c4ad83eaaf59cf0b82ac087702d3c3b78bd3d7c,5,5,5,5,5,5,5,5,5,5,4,4,0,1.5,0,1.5,Yes,Yes,to apply cbt techniques and incrementally improve your exposure to increasingly difficult social situations and generally get yourself out there more and go out of your comfort zone and make it a regular thing to speak to new people so that it becomes apart of your routine,my ideal way is to drive my own car as it feels more like an adventure and freedom fulfilling although parking can become a problem that is a part of the fun almost for me driving in a city allows me to get around whenever and wherever i want in my own comfortable space and it almost feels like an extension of home,b6f8df7823c943c0eb59ac08142c44541a2d85df87711d98e1ae755252acfb00,2026,2026,453,25,700+,Male,United Kingdom,Yes,Part-Time,5,4.666666666666667,group_apprehension,0,0,NA
2026,2026,302,6433765bc247d66b5792b90829e2965c83cfcffd01afbc4618fa2b83d3554a13,38.300999999999995,-97.042,2bc2ff887a983471845d3d81ac8964e332a97099ecae176666c0ee714e2e35a6,1,1,1,1,2,1,2,1,1,1,1,1,3,3.5,6,3.5,Yes,Yes,i would advice them to start with people around them like maybe introduce them to my friends and see how it goes,i prefer driving myself it is convenient with every stop i need and also incase i have luggage,20aba5c5d40aab039c14869920761a42a5688c9d5f2cfca94acaebbbece2c543,2026,2026,331,43,700+,Female,United States,Yes,Other,1,1.1666666666666667,solo_apprehension,10.5,21,rideshare
2026,2026,270,559c50561b6e7ffd38809fe2c20bb5a35b100912faa2989ed4939f311fe47d95,40.0288,-80.5551,9e0bf9191866736d9b6bc34a5502ded842e89530ce36fcdae1535b77bed9ee2e,2,2,4,2,4,4,4,3,1,4,4,2,3,1.5,3,1.5,Yes,Yes,everyone is their own person having their own experience getting to know each other and having genuine human interaction is what being alive is all about even if youre nervous its ok someone else might be nervous too once you get talking itll get easier and youll learn more about other people and about yourself during the experience,my car because its my own and i can turn the ac and seat heaters up and play my own music,dd02505b05d2fcf0fd7a66be2cf1092ed000fdb490c1e467fb07606a1e916988,2026,2026,300,25,100-199,Female,United States,No,Other,2.8,3,solo_apprehension,4.5,4.5,NA
2026,2026,291,65c5731910cde2719b64d083c196c4c3f125245fee8c6fe38f1c004be47b4bbe,44.479000000000006,-78.8357,5db6bc6e5109e296d47c1254d3693d0269a21bb64359f25b9013517834d551ad,1,1,1,1,1,1,1,1,1,1,2,1,8,3.5,8,5.5,Yes,Yes,stay calm and rela as eveything does not require pressure and anxiety to achieve,i love to go by bus or train because its aordable and simple,55505f245d76e262b55bfcf33fde0948c1df52ebbb3eae111692ee6173cf3a13,2026,2026,419,42,0-99,Male,Canada,No,Other,1,1.1666666666666667,solo_apprehension,28,44,rideshare
2026,2026,277,5ad07b7c41366dfcd8489ab35dc95696bc36fb22716f5e035a4c7a4c78d0dcd4,45.428799999999995,-123.5321,b39e5f78e728ac5bd37a3fb4750263535cc7befc0a7cb71fda2bbf52e851ad48,4,4,5,4,5,4,4,4,4,4,4,4,1,1.5,1,1.5,Yes,Yes,just ask them questions about themselves and listen to what theyre actually saying and ask followups people love talking about themselves and the longer theyre talking the less you have to talk,when i was living in nyc for several years i loved taking the subway ive since moved to another city with less robust public transportation offerings but the city is also much smaller and i can get to nearly everything i need by foot otherwise ill take a bus if my destination is off a bus line or if its not or its a weird time of day and there are no bus lines ill take a lyft as my least preferred method,95c6ae887adb12d5a33db2fb1866fc8d23f087736855a75492dd55e00754b848,2026,2026,292,42,700+,Male,United States,No,Full-Time,4.2,4,group_apprehension,1.5,1.5,NA
2026,2026,290,17de1d679f800833555cf9c904ee037e9b48474fdea37587bfa8c974f49e4d58,50.9681,-4.7623999999999995,3930f2834318026ee6c78f6f37a83fcee45b5c9cd0d56e9b3787737169f3cc64,4,4,4,4,4,4,2,4,2,2,3,4,0,1.5,0,1.5,Yes,Yes,to be yourself and feel confident with your opinion come across as friendly and hopefully the other person will feel more at ease which should make for a more relaxed conversation,by car we live in a rural area so not difficult to park or cope with the traffic buses are not very frequent and dont run late into the evenings,9b7a1b368332eab92bfde6c986a9fa9784769264725a0fe3031bffebbd765d17,2026,2026,319,58,700+,Female,United Kingdom,No,Full-Time,4,2.8333333333333335,group_apprehension,0,0,NA
2026,2026,280,51f8dcb45e3c5bc15546936cc39017c0c62fb3602054ee588dd3bef8c86aa423,51.7272,-1.5873,d1e0cd23c596f966495ec206e2fce6c640b8c128f169b56f837ef6921420f077,5,4,4,4,4,5,NA,5,4,4,4,4,0,1.5,0,1.5,Yes,Yes,id say that i feel the same i remember someone telling me that if you feel uncomfortable witha person imagine them sitting in their underwear,if its my own town i prefer to walk there if im going further afield i much prefer to take the train than drive myself,313939f9e1b6d3106d33d636ffa71f1b100275222466e5a5f0b3ca16596a6a19,2026,2026,294,57,700+,Female,United Kingdom,No,Other,4.4,4.2,group_apprehension,0,0,NA
2026,2026,274,207d9ff27de93d3f02ff1506835bb5e47a865fc32a09a5828a4fbfd1c96f5fff,48.2022,3.7642,88e271cadaeae900779984cbe96fac749c1d624d58c222819024cedd0e6b711c,5,5,5,5,5,5,5,4,4,4,5,4,3,3.5,0,1.5,No,Yes,as a nervous person myself it is very difficult to become less nervous however taking deep breaths closing my eyes for a bit and  rehearsing  the upcoming conversation helps a little,my ideal ways to get around my city are ways that dont involve interacting with strangers going out with my parents by car or alone walking bikin these are my ideal ways,99c728674d96a70fbd150da63e49a66ecc6c52c9f4431ffd2641568453ec7ea8,2026,2026,306,21,300-399,Male,France,Yes,Other,5,4.333333333333333,group_apprehension,10.5,0,public_transit
2026,2026,310,982c0b4f95c6daf7f444fd2e71041b77d752212be707a5af8389d7514d0b20ac,29.405900000000003,-93.1385,0249e61e3a173da6ac2e5417f91dd474d39bec678466a100bb57fde389020a6b,3,4,4,4,4,4,4,4,4,4,4,3,0,1.5,0,1.5,Yes,Yes,i get it but the worstcase scenario isnt that bad speak when you have something to say and be quiet when youre not feeling it,i like to drive i usually have a mental plan of how i want to do things and driving lets me be in control not to mention that ive never been on any public transportation not even a school bus,0e38dcec47f7fd15361615c4d505bd924d727f7434e4fea27e14dc43af4b5d94,2026,2026,335,30,700+,Male,United States,No,Other,3.8,3.8333333333333335,solo_apprehension,0,0,NA
2026,2026,287,37155b8c484e387e058043dd1ff674bf854a6efb004dc045740d57eddb20041c,51.470400000000005,0.4046,ed78560f3bfe4e3c285aff4252357ccbdf78cc683e334af8b0f926f190d1ddca,2,1,2,1,1,1,3,2,2,2,3,2,0,1.5,0,1.5,No,No,to remember that the other individual probably feels nervous too we have feelings to support and guide us if they are nervous that is because it is important to them so they should lean into that feeling and use it to their advantage,i prefer to walk i am very lucky that i live local to my city centre and i have some fantastic woods and walks i walk to work which i love,9734c3808c124109b2b262e2b3bbe5e71f3a8b6adfcddabf69fe327b86421ca3,2026,2026,308,36,700+,Female,United Kingdom,No,Full-Time,1.4,2.3333333333333335,solo_apprehension,0,0,NA
2026,2026,311,9584c59595c10546e5fa1f36a3774045a5f0a6d9a9392f23d34f3f52bd81562d,39.5259,-90.7778,2834e540961043a0d0aa22f0c7156d20e977eb35ef6e33bbbae534115d72cf4c,2,2,1,2,2,2,4,2,1,1,2,1,0,1.5,0,1.5,Yes,Yes,id advise them to ask new people questions to learn more about them people generally like to talk about themselves that would take the pressure off of yourself and make you an interesting conversationalist,i prefer to drive myself around my city that way no one can complain about my driving which is less than ideal,b45bc437b150a51109e980f687e01ea14ede3d963bf15d5a3801d848112b5241,2026,2026,331,72,700+,Female,United States,No,Other,1.8,1.8333333333333333,solo_apprehension,0,0,NA
2026,2026,324,83b4718f2d1f8bcd6e82b3c3169080c64d3daaac86d7842c625c9044dc035d8f,39.838,-74.34259999999999,5f010025a6a64bd5ca93b493dcf7106bb485dbdba82367e3af21ffe3425dce14,3,1,1,3,1,1,1,1,1,1,1,1,0,1.5,8,1.5,Yes,Yes,let them know that most people feel like this to overcome this they should start off with small low pressure interactions,using my car is the best way to get around my city i follow my own schedule and do not have to up with people,e4349730847884da3bd16ce4d1ebc62ad59757b201581ad2743c40e974fbcee6,2026,2026,339,53,700+,Male,United States,DATA_EXPIRED,Other,1.8,1,group_apprehension,0,12,rideshare
2026,2026,342,725618b998d746cbbf9a73016fb53141c9a823beb84a2290d16041f71a98d679,27.8391,-82.39450000000001,e0d1460f395fcd75a8fc7c195f0d6b86eed8f127c39c90034b0748bcd7bfe8dd,3,2,2,3,3,2,3,3,2,2,3,2,0,1.5,0,1.5,Yes,Yes,i would say for one thing keep it simple  to start from a secure place is helpful and by keeping it simple your nervousness can be assuaged to a degree,my ideal way is to use my own car because it provides the flexibility i need when traveling in and around my city,6b8a31cb056d08220a4b59f5b2053222b1ee46da5357f8064e9fe853bf4e968f,2026,2026,361,54,700+,Male,United States,No,Other,2.4,2.5,solo_apprehension,0,0,NA
2026,2026,315,e877a123e378a463399aad25e2591a9ce93e916bbf211398cb2192ad830a96c2,31.896499999999996,-117.548,2c3641480e52d69b7a467cc56ebe7bfa0d373c2705995ea09320f9019b939338,3,2,3,3,2,2,2,3,2,2,2,3,1,1.5,1,1.5,Yes,Yes,i would tell them that public speaking is like a muscle the more you do it the easier it becomes,i prefer to drive a vehicle by myself im an introvert and i prefer to be alone i dont like to be driven around when i can do it myself,bae4bda716df0019a5ed3143bef287a0183cc005eb5d438154ed081c9cbeeed9,2026,2026,334,66,700+,Male,United States,No,Full-Time,2.6,2.3333333333333335,group_apprehension,1.5,1.5,NA
2026,2026,323,e8661bb2ebaa80f7fc9f00267884ff9c309eba56e0f6bcf00e9fa5a84be5fe20,52.8245,0.1183,6f9e371b4c6344b508682fe9372a27453abe9dffde0b9aa6a603d539ff78271e,4,4,4,4,4,4,4,4,2,2,4,3,1,1.5,0,1.5,No,Yes,i would say they might also be nervous but its important to speak to new people because you can learn something from them or they could brighten your day i would say that it is ok and normal to be nervous but talk to them regardless,i would prefer to get a lift with my family or friends because i have health issues that make it difficult to use public transport and the car is more comfortable for me i also get nervous using public transportation by myself,6d171838d91c29432c1aadad5c13ed62578810cc805e609724b41a5d40b11264,2026,2026,354,77,700+,Female,United Kingdom,No,Other,4,3.1666666666666665,group_apprehension,1.5,0,public_transit
2026,2026,363,afa0020d3fb2709366cb6187b10f287f8c54ebb76c37cf7996a341dd81ca4049,51.4386,1.1985,c4ed2a666807390541e3063ad6b6757a7308edb39efb3af0db88b611cd1ea83a,2,2,2,2,3,2,2,3,1,1,4,1,8,1.5,3,1.5,Yes,No,i would advise them to just take a deep breath before engaging and then just have a few questions already thought of to ask the other person this is a good way to keep engaged in the conversation and get to know new people without having to speak too much yourself i would also remind them that the other person could be just as nervous and to not put too much pressure on yourself the majority of people are easy to get along with and will accept you for who you are,the best way to get around the city closest to me is by bus they have routes to just about everywhere in town that you would need to go andthe buses are also quite frequent running every 1525 minutes so you never have to wait too long i prefer it personally also as the journeys are capped at £3 so its much cheaper than getting a taxi and also they have an app where you can live track the buses and also pay for your ticket on it which makes it so easy,3fbfefa0c606bbf921fd79523e1fd7d0d568c2cd03e8717bcbd84627dbc84d37,2026,2026,371,34,200-299,Female,United Kingdom,No,Part-Time,2,2,NA,12,4.5,public_transit
2026,2026,336,668348122b8a4d95495b0f35fce426f2a60be9a34e55c98fbcc296f08e84f587,39.9147,-83.99080000000001,9c9613153824c9fc13a20cf38e7c5d900e529f9c0ff61588afec464a4d9bb7ed,2,2,1,1,1,2,2,4,2,1,2,2,1,1.5,3,1.5,Yes,Yes,i would tell them to try to fake confidence its ok to not respond to everything shift a conversation towards a topic you feel comfortable with or inject small talk in to break the silence,i use drive services more and more as someone who works remotely a car is the only effective way to get around most places here i also enjoy riding a bicycle but its not practical for most places so cardriver services like uber are the best,cdd250272dc7217328a36bc78fb681c602f38d4b70d877a36dfa3816c6ff0de8,2026,2026,340,44,700+,Male,United States,No,Part-Time,1.6,2.1666666666666665,solo_apprehension,1.5,4.5,rideshare
2026,2026,349,f882d2269539a1120f4d1df8a45eec5362a95783af0c1782ce3e6402feaf2972,54.1717,-1.7876,73ae97946a24e490dcda3d2354997dc0d9c2845cf52b2982a5bc12d453b3cdc7,1,1,1,1,1,1,1,1,1,1,1,1,8,1.5,3,1.5,Yes,Yes,i would say there is nothing to be worried about as everyone feels like this when meeting new just be yourself speak to them and see where it goes i would also say try not to appear nervous and be confident in how you carry yourself and speak as people pick up on this,i prefer getting around my city by car as not all areas are covered by public transport and some really good nature spots on the outskirts can only be accessed by driving i also prefer it as it it the fastest and cheapest method in my opinion,80dfba5f60e5aaee6a91026fe2b4214b6081651bea32ef3327895c4e4d3bbd67,2026,2026,352,29,700+,Male,United Kingdom,No,Full-Time,1,1,NA,12,4.5,public_transit
2026,2026,334,f98e5ecb9f8f2e1b3da208665662de2e9455b9ea3031de2338ac52d0b1dca33c,42.5871,-83.8446,eb3fb8ec6b1b1d4188b8311ad1b26ab7b1059c5e1f7200b2bad3857aaa6bc319,1,1,1,1,1,1,1,1,1,1,1,1,3,1.5,3,1.5,Yes,Yes,ill tell them that its ok to be nervous a lot of people get nervous too that does not mean anything is wrong with you just try and stay calm and take a deep breath,i prefer driving around my city because its more convenient and i can make multiple stops,31f058f8a9815cd18c2528999f80b4ca627a68c61b0bd8d87f076e040170df85,2026,2026,373,34,100-199,Female,Canada,No,Part-Time,1,1,NA,4.5,4.5,NA
2026,2026,366,c49246c7a69aea99f345844e725aee7c38023f6580e8ce2ded33091c150c5dce,38.1901,-97.7404,4e8344dc173b5b2cb43965d938d7c40cdab36337a287acae508bb41b28d6db27,2,2,2,2,2,1,2,3,1,1,2,1,0,1.5,0,1.5,Yes,Yes,try to breathe and relax and at the very least smile and nod and engage and slowly move into the conversation in a way thats comfortable for you,my own vehicle as i can go where i want and take the route i want,22c1de0a1ce2e8cbf06efac193dc1a9863c6153ec449766f7cd22c49dce4fa24,2026,2026,386,38,700+,Female,United States,No,Full-Time,1.8,1.6666666666666667,group_apprehension,0,0,NA
2026,2026,331,732b6e5191dc9eeeab17347cf05616edf85d1ec56dfccf9faea5ddbd32b06c7c,42.6653,-111.2522,357c136523f551999dd92e64319e6802df36065161bb18d2772ae3678905bb0f,5,5,5,5,5,5,4,4,4,4,4,4,0,1.5,0,1.5,Yes,Yes,i would tell them they can do what i do and just avoid new people if no choice then just do your best remember they probably dont want to talk to you either,being in a small city the best way for me to get around in in my own vehicle it is convenient,f01ea3ec3815602c5ee5bd28f39848d1e884bc8beba8622a886fa5f7ead8229a,2026,2026,366,62,700+,Male,United States,No,Part-Time,5,4,group_apprehension,0,0,NA
2026,2026,276,d140b0805fa01f2e3d3b4cb7e80695f1decc62c38ce399f77bd2c3170367a8e7,55.239999999999995,-5.868,2828945aea524a25580d7edb649a259cb519addf15fac1da06e5a334aebf3904,2,2,4,4,5,4,4,4,2,2,2,2,8,1.5,1,1.5,Yes,Yes,just take deep breaths and speak to them as if they were one of your friends dont think about what theyre thinking too much,the bus because its cheap and so i dont have to try and park anywhere,87e7be563e0e124154d3858b4eb7741963decb58fa6368f22a9b953acf0f9aa2,2026,2026,439,41,700+,Female,United Kingdom,No,Full-Time,3.2,2.6666666666666665,group_apprehension,12,1.5,public_transit
2026,2026,367,671f09a0434d49d3ca2f79350329db8b2ecf606fa94e3b27879e9dc01bec8555,-39.2336,177.0959,d4821a24190df96e427e943fe9db9c04b08efa1ea1abb786ab05620d0b4d9932,3,3,2,3,2,2,2,2,2,2,3,2,1,1.5,0,NA,Yes,Yes,i would tell my friend to imagine how nervous the other party to the conversation might be how would you make that person feel welcomed and included in any conversation by placing yourself in the position of the others you can help ease your own tension and nervousness by appreciating that everyone gets nervous and uncomfortable at times,my ideal way to get around my city is either on foot for short distances and by vehicle for longer distances this enables me to get in some exercise save on fuel expenses and give the car a good warm up on longer trips,5b23473fb13ac6a719cec4ad0cfe90740bc51aff28edb1349c3218029d462505,2026,2026,382,53,700+,Male,New Zealand,No,Part-Time,2.6,2.1666666666666665,group_apprehension,1.5,NA,NA
2026,2026,302,4cb8b07f8071eab18dd7a7f7ee1212d4e8e78ff52507360563f0448701303f50,41.1941,-74.2454,58ddfb550e33f2193b07cfc35be69753fc109c82f75f6054bf3807673435d08b,2,2,4,3,4,2,4,3,4,2,2,3,6,1.5,3,1.5,Yes,Yes,i would tell them to do it regardless as far as whatever they are delivering is valid there is never a need to be afraid and after going through it there is most times a feeling of satisfaction,my ideal way is usually going through routes that are less busy because i want to try my best to avoid traffic,2cfe04ea59c138b742599d927f195a9e34702ff80709430e2f8a7c5fb6eee3d5,2026,2026,383,29,700+,Female,United States,DATA_EXPIRED,Other,2.6,3,solo_apprehension,9,4.5,public_transit
2026,2026,368,b6d54938b94d0adbcb01813bf80c4849137be84c6291f30554187f02ccfa8189,52.0935,-1.5051,1bebab78b372c7d756eb323cf750c7b97ecd336ccc29da840f155e22fc4e5200,2,2,4,2,4,2,4,2,3,2,2,2,6,3.5,8,1.5,No,No,honestly i get nervous myself talking to new people so i wouldnt really know what to advice for me i just try to be my self so yeah be your self,by trainunderground or overgound bus and cycling its simply the easiest and fastest and quite cheap too,49d8274e857c46736820a616222e32393eb22319d4123157629647bee5ccc118,2026,2026,415,23,0-99,Female,United Kingdom,No,Full-Time,2.4,2.5,solo_apprehension,21,12,public_transit
2026,2026,271,e8a61aea00af45065eab0305f572ff74b6c2f3fe49aeb802f02ea5fb10692ce4,30.545299999999997,-91.1026,5dcb913ef602a61446ee04e04fc6db188af5a2dfcaaf3abd9e9bc80078ba6623,2,2,3,3,1,1,1,1,1,1,1,1,0,1.5,1,1.5,Yes,Yes,take a few deep breaths to relax then pretend that you are talking to me,for short trips i prefer to drive for longer trips i prefer to ride with a friend or other,1dae4a87e6b2e282d939addab8da32a82857511171c8a8f78be92646ba33cb02,2026,2026,304,63,700+,Female,United States,DATA_EXPIRED,Full-Time,2.2,1,group_apprehension,0,1.5,rideshare
2026,2026,98,a13372e41cae6910bb1fc6ba38b8fa4e5e53c260cfb518111b081ba5733398ac,51.255,-0.3635000000000001,05da04c1267fa77f081861196acde2320c54e0af947e9c82fea64f186945a6fa,2,2,3,2,2,2,4,2,2,2,2,1,3,1.5,0,1.5,Yes,Yes,be calm and pretend you already know them,i like to use public transport and walk its a lot easier and cheaper then my own vehicle,87afb2a9ddfada6d06f06ddd181a56bde2b3d0f812a05ebeb1ac7ecc058dfe9b,2026,2026,122,43,700+,Female,United Kingdom,No,Full-Time,2.2,2.1666666666666665,group_apprehension,4.5,0,public_transit
2026,2026,357,e7b8cf850947e73eecc5c914f117ed79c23f0e0833be8cf51a8da57e5e4fd8f8,25.4622,-79.2156,940f2ecfedf2425fbd21e53a0d3b975c3fc2141e42ab9cf8c3fd2ec188894e95,2,1,2,2,2,2,1,1,1,2,2,1,1,1.5,1,1.5,Yes,Yes,i would say focus on asking that person questions open ended people love to talk about themselves trust me theyre not that interested in you theres nothing to be nervous about there have been certain occasions where ive taken a rideshare like uber or lyft,my area the best way to get around for me is by car theres not much much public transportation around everything where i live is very spread out its like a giant suburb to even get to a bus stop i think i have to walk like at least a mile but i have my own car so im good,8be35a159c32cd40ed1bd29112b22bd8a6d311af7f6f401d513b2f43438dfd23,2026,2026,387,46,700+,Male,United States,DATA_EXPIRED,Other,1.8,1.3333333333333333,group_apprehension,1.5,1.5,NA
2026,2026,362,366994b994cc929a0f5fcac83b42f2cc19544646e687c631c74fa35b279fae15,54.5381,-1.1223,7dfdfd7f07e930a434c712769a89f05e9e7f38bc7734f99d9c329694668081e9,4,4,2,4,2,2,4,4,2,2,4,2,1,1.5,1,1.5,Yes,Yes,its normal to feel nervous when meeting new people people can be selfconscious you can use open ended conversations and you can ask open ended questions confidence grows as you have these conversations more,my ideal way to get around my city is by driving because it gives me the most flexibility i can travel direct to my destination and i am not time limited to catch a bus i enjoy having my own private space and feel less stressful,5be7fa693c9d0da1c9ee02b7f976b49389ab0c9f0d686c25efc5049f4cf056f3,2026,2026,387,32,200-299,Female,United Kingdom,No,Full-Time,3.2,3,group_apprehension,1.5,1.5,NA
2026,2026,390,89b8f2223426b3a752392a11d52ed38b55f34f340746487fc43d021d854a1a32,48.6578,-123.2321,96c3fb9271fa667eb5ace8a2b2082e34ec0fbfd6b738717ccb3a8ca47a760a1d,2,2,1,1,2,2,3,2,3,2,2,2,6,3.5,3,1.5,Yes,Yes,if they had a nervous feeling regarding speaking with new people i would explain to them that most people think more about themselves than they do about you confidence and bravado do the heavy lifting and feeling like what you have to say is important and others will be better off for hearing it can really do a lot of the heavy lifting in many cases people want to have a social interaction and are willing to work with you through the awkward bits of a conversation if it means the interaction can continue we are social creatures and it takes a bit of courage for some but over time it is a skill you can get better at and eventually you will be speaking with many different types of people and find common ground with anyone it is a rewarding experience speaking with other people and can benefit your life greatly,i personally love a mixture of walking and public transit often driving can be more comfortable or convenient but parking can be expensive and time consuming to obtain so transit is much more viable in most cases for me,d4742e722803cfdccbcb9d83a9e317ad967071d7c46aac90530220f97f3b6e08,2026,2026,551,27,0-99,Male,Canada,No,Full-Time,1.6,2.3333333333333335,solo_apprehension,21,4.5,public_transit
2026,2026,424,e9dd95ad9b4bf75d4a11ebe5f7ebba310a26ec3ba18d51de90616e267e6660eb,31.493,-111.2679,d37d0766146900c6ea0144a12b8c8e0b63c95cd13436ef243274ba9d1f6415ee,3,2,2,3,2,2,1,2,2,1,1,1,0,1.5,3,1.5,Yes,Yes,do some calming breath work beforehand in most cases you fear being judged much more than it will even actually happen try to take a moment before responding to any comments or questions and always ask a lot of questions of the other person this approach shows that you have genuine interest and puts everyone at ease more,i rely on my vehicle and it is my primary form of transportation where i live the bus system is out of the question due to safety concerns and though i do enjoy certain trails and paths for biking they are speciic and for recreation not for daily transport there are no rail systems where i live except in the downtown area which is irrelevant to me,e78a1b8bf143be04fa594c040e74a05cf341ed160f22714b1d7a58d13dde8fad,2026,2026,425,64,700+,Female,United States,No,Part-Time,2.4,1.3333333333333333,group_apprehension,0,4.5,rideshare
2026,2026,397,c4f067e78610acb5687c9d22964143d113c68b3136ac251241917704ab6268eb,58.4319,-6.8488999999999995,505a243c6f4e4918dc2decd08f5c95a167dacaa40483af6ceb36b3f68c5d4e53,4,4,5,4,5,5,5,4,4,4,5,4,8,3.5,1,1.5,Yes,Yes,im not sure im the best person to give advice about this but i would probably say that it comes with practise although i am not very comfortable with it yet i feel that i am still a lot better at talking to new people than i was last year i would say that people are usually interested in hearing what you have to say and are willing to help you so try to think of it that way which might help with anxiety i would also suggest visualising talking to new people and it going well with you making a good impression which can help to settle things in your mind,i think the ideal way is to travel via bus the bus routes in my city are very well developed and extensive so you can get pretty much anywhere by bus the buses are a lock quicker than cars or ride share platforms because of the bus lanes that are on a lot of the roads i also think it is better for the environment to use public transport when possible i actually enjoy taking the bus as well as it gives me a chance to relax and listen to my music,79bf9aeda1bb7e93852f12b4ff180fef9e1640d999dff002ce82e69d10d207fb,2026,2026,420,23,700+,Female,United Kingdom,Yes,Part-Time,4.4,4.333333333333333,group_apprehension,28,1.5,public_transit
2026,2026,159,a0391d8ef3e7d1571d3dd846c90846166c6eaea18dbf1e09ac218c98e1b851fb,50.6007,-113.1972,7176cbe5675119100c051cec9cf0ccc6ffeea0f58eaad99a7ad469bdbe59eefc,4,4,4,4,4,4,4,4,4,4,4,4,1,1.5,3,1.5,Yes,Yes,i would tell them that people are often most worried and concerned about themselves  so dont be too worried because these new people may also feel the same away  in fact maybe you can use the shared nervousness as an icebreaker,i live in an urban area of a large city my preferred way to get around is to walk if something is within 2030 minutes of walking distance and the weather is agreeable this allows me to enjoy the surroundings and feel like i am part of city life,2efef655c8a5289175ddf3781bca4bedc17a14007346f1deb981f00bfc50a455,2026,2026,380,34,700+,Female,Canada,No,Full-Time,4,4,NA,1.5,4.5,rideshare
2026,2026,323,baf733d25392aa10e671f405cd1d5faefda3315cfd6e9c7adad632faecaa0b8f,46.2153,-122.5448,257a851f7e92bf8d22dd89f8a8265b75669dd7176d03a05bc400e037eabb3008,1,1,2,1,2,2,1,2,1,1,2,1,0,1.5,6,1.5,Yes,Yes,i would tell them to have a few topics or prepared scripts they can rely on to make it easier the unknown is often the scary part but if you feel prepared you can relax and the rest will flow ask questions respond to what the other person says with some enthusiasm and you will most often find you have at least one thing in common,my ideal way to get around a city is by train i prefer it because someone else is driving and that allows me to not get frustrated from other drivers behavioractions on the road i prefer it because its the most efficient system to move a lot of people at once and it has so many other cascading benefits i wish we had a richly developed train system in cities and to other major cities it would be life changing for society if the us had a train system like japan does,d99a2f628cf40ec1847519fdbde12dbfce4da92622a4a05d4d0964e3462223f6,2026,2026,338,32,700+,Female,United States,No,Full-Time,1.4,1.3333333333333333,group_apprehension,0,9,rideshare
2026,2026,382,0bbb566fb3c7234f4485c68df64ff01b72aa6ac19cfcebe2de121bbb26851d0b,37.651,-97.902,6caf5ef75550ac72a08b5c69aab9659e5daa9b61c8f5a4a47627ef8630dced38,1,1,3,1,4,1,4,1,2,1,3,1,8,1.5,6,1.5,Yes,Yes,breath in and out and talk in a moderate pace,walking it is good for me to keep fit,6f82fca43981d8d060ae4d037025d6cbf2e4604efaee9e65f2f4e3895e11adae,2026,2026,441,23,600-699,Male,United States,No,Part-Time,1.4,2,solo_apprehension,12,9,public_transit
2026,2026,438,d6c7066e621455672a641a7998b17a939a64d9c64dc6250fb826ee17e4b6e87b,52.5809,-1.3874,706d491160251e65c2e6100abb167a5ea5e5164111af26d27502e02e1ebad036,2,2,4,2,4,4,4,2,1,1,4,4,8,3.5,6,1.5,Yes,Yes,i would encourage them to calm down first take deep breaths and relax their muscles i would also encourage them to remain calm for the whole interaction,when i am late i prefer using an uber to get me through the city but if i have most time i use public transport sometimes i use my car often when i am aware roads are not jammed with traffic,6c5a3ceccf54cd10a47ca6ff410d12a4f7cff7840d3edba042f944a54e550463,2026,2026,493,32,400-499,Male,United Kingdom,No,Full-Time,2.8,2.6666666666666665,group_apprehension,28,9,public_transit
2026,2026,468,90e5cc2c1f81243d5751f0ed932edb030d3957a4fcec2df46a76d9d50457982d,51.9485,0.4465,247752584b0f1056a1252063ca44aec54c1542e029709ec4d018d3b509f2abe0,2,2,2,2,3,2,1,2,1,1,2,2,6,1.5,0,1.5,Yes,Yes,i would tell them that its a normal way to feel and that its likely the other will feel similarly i would suggest to start with simple and basic open ended questions to encourage other people to speak and feel as though you have an interest in themas people usually appreciate this type of thing also dont try to have a perfect conversation just simple and polite chatting with new people is usually enough to leave a good impression,ideally i would like to take efficient public transport as i like to trave without feeling tied to a personal vehicle i especially like being able to walk to my destinations quickly as it makes things feel much more accessible however if a city has bad public transport i would most likely prefer a car as i would feel more in control,f6eb673a0afef6ff1be1c2c1b65df9711c9ac71d7214099af2c8ed3f6ebd1ce6,2026,2026,473,31,700+,Male,United Kingdom,No,Full-Time,2,1.5,group_apprehension,9,0,public_transit
2026,2026,431,f979c4b35cf870a44318b42ccdbdf91fd2fa0b4c1e832501eceece05e5c0a8c9,43.6967,-78.6404,78658c9aa04078524d959ce38d2eacab4775d10f6612ff2d75d9773a56af4e9e,3,3,3,3,4,2,3,2,3,2,3,2,6,3.5,3,1.5,No,No,its very normal to feel nervous focus on curiosity and ask questions you wanna know about rather than being too worried about saying the wrong thing,my favourite way is biking around the city its fast and easy while also getting a workout in and my second way would be taking the public transit,b7fec9fe4709f69dd28d2885a7bd9baf2bc8ed93c1175e8461b8515a3c9e53ff,2026,2026,472,25,200-299,Male,Canada,No,Other,2.8,2.5,group_apprehension,21,4.5,public_transit
2026,2026,444,042b5d28b31cda36f94e704e5c4f6d04a65551f0f948164048093a4cd0abdeaa,34.8222,-79.94630000000001,2d13abc9df82d5cbd3ea48f97af76cc76d11d066cf58229135bc36f7a6efbd60,4,4,3,4,3,4,2,2,2,2,3,3,0,1.5,0,1.5,Yes,Yes,prepare yourself mentally to be in a situation that may make you nervous when entering the location you are expecting to have these nerve inducing talks take a deep breath and tell your self you are confident and will listen to what is being said and think about your response and all will be fine,other than a personal vehicle walking is probably the best way to get around in my small downtown area you could take a short 1 mile uber ride if you ad to,63fe7232ac1b43afa5c92ef403938467a8f4cc9f9331751b30ca3bf6fda8fb42,2026,2026,466,67,700+,Male,United States,No,Other,3.8,2.3333333333333335,group_apprehension,0,0,NA
2026,2026,162,0bd9ed7fc049aaaa4c33a38908522dd613d83fd3b1c5cdd579d9640853525091,33.9587,-97.3753,b46b19189df611ea38d8c74ac82ea8f8a9bc11ba8918b8f73ebcbcdf50407bfd,2,2,2,2,2,2,2,3,2,2,2,2,1,1.5,1,1.5,Yes,Yes,the only way to get over this is to actually engage with people you need to get used to talking to new people if you dont then youll always be nervous when engaging in conversation start out with small groups first or maybe even one other person and slowly work your way up to larger groups and youll be surprised at how comfortable you get once you get used to engaging with others,i prefer driving my own car i like the personal freedom having access to my personal belongings and it just gives me a sense of independence that i dont get with personal transportation,f2c28ca385fa88b9c7ac2636d201ea71187c2d85bb31393670055947b6eb64c8,2026,2026,179,34,700+,Male,United States,No,Full-Time,2,2.1666666666666665,solo_apprehension,1.5,1.5,NA
2026,2026,458,816e0a94b371dd88a65f5f3d8161a01a4fed446ed6b0cb15b3d4e62b9d016497,52.1218,0.906,0f284a11b7b2b2da4c42bbe31390265ec35d22e54b2fc633371c6efa872d2745,1,2,2,1,2,1,1,2,1,1,1,1,1,1.5,3,1.5,Yes,Yes,a lot of people can be nervous speaking to new people potentially including the person youre talking to its much easier to make a good first impression on someone when you consider they likely want to make a good first impression on you too if you can calm the tension and act friendly they will likely do the same,i like to drive in my car to get around my city because my city is designed to be very easy to drive in there are not a lot of complicated road structures or areas in my city so driving is very easy compared to other cities,b42f6d2aa5e73d96317e7ea5c39b07813ac03bb75d2209c20b5ca9201a89c88f,2026,2026,459,56,200-299,Male,United Kingdom,No,Full-Time,1.4,1.1666666666666667,group_apprehension,1.5,4.5,rideshare
2026,2026,469,7527c141204720bdd1fb7ed8ca9206f82f250844572b1171fea083645c3e8a72,50.7436,0.27369999999999994,a222ac047214b42649c047abe2d18324a05559ab8586a2b693f6babda1797d08,2,2,4,2,4,3,2,1,2,3,2,1,6,1.5,6,1.5,No,No,i will tell them to take their time and they do not need to stress i will advise them to let the conversation flow naturally,i will order an uber ride if the destination is far i also would take a bus if the distance is not too far,7409004ba531e08da62361d9bcea824cb506e735f9ad4a3a0c6b57919c0f2221,2026,2026,492,37,100-199,Female,United Kingdom,Yes,Full-Time,2.6,1.8333333333333333,group_apprehension,9,9,NA
2026,2026,498,841c28b5cd5b551b0e86aeee3e6450b05564e8a8a6739630b004914c8f7e6465,51.4063,-0.8629000000000001,b98ca5b4373bfb40622d4b1690415a2ebfe94072d7603629c180c154064a7222,4,4,5,4,5,5,2,4,2,2,2,3,3,1.5,6,1.5,Yes,Yes,i would generally tell them to think of simple questions to ask the other person it means the other person will be talking more and gives you a chance to be comfortable while listening it also makes the other person feel more comfortable which i feel would be a benefit too,it depends on how far i have to travel if its just a short distance then i prefer to walk most places are accessible this way and i generally enjoy walking it gives me time to think otherwise i will usually just use my car and drive to where i need to go  i use a train for longer distances and an uber when i cant use my car,81d4ee0a1e34866281cff363e4ed2cbd7d963bf3b1e924172020bd039079b21e,2026,2026,538,42,700+,Male,United Kingdom,No,Full-Time,4.4,2.5,group_apprehension,4.5,9,rideshare
2026,2026,523,1737e9733563505230be4e371695a5727c24c8ec341bf8559f9aebab56bb488e,51.4517,-0.7538,7baab1ca0bc909dbeab74231b3683f35fd6d416352d79b13fbe65bea9c535e12,2,2,3,2,3,2,4,2,3,3,2,2,6,3.5,3,3.5,No,No,just start with a small talk question and let the other person lead the conversation,i prefer the bus its affordable and not over cramped,61af7c3d691bba2695581a47cd05ffb22c3189f87ef5206491b4cb3062a88fd5,2026,2026,538,37,700+,Female,United Kingdom,No,Full-Time,2.2,2.6666666666666665,solo_apprehension,21,10.5,public_transit
2026,2026,509,80b162dfc5eacf263e0736456cb1b9f6cb6fe976c0d8b54cf673aa18830ccf5e,36.4814,-115.471,bd6ad80b197d5bb5e3abd72993d5e117c08534f069529a84724f79e3a0ca4872,3,3,2,3,2,3,2,2,2,3,3,2,0,1.5,6,3.5,Yes,No,1 dont talk to people 2 get over it 3 take a communications andor public speaking class 4 go to college where you learn to overcome such adversity 5 try teaching public high school,i am in las vegas this is a drivingcar city public transportation is too slow it is hot during the summer months so you can get heatstroke just waiting at a bus stop a drunk driver totaled my car years ago i never bought another car and i live in chronic physical pain with vehicular anxiety just riding in cars so i prefer to not be in vehicles i sometimes take rideshares and i used to drive rideshares before the crash driving rideshares is a great way to meet people and also per the previous question talk with new people and network,5cbb854b5a16dedfc76336f539fbfd7d8c62e4071eb910770156108607704beb,2026,2026,514,49,700+,Male,United States,No,Other,2.8,2.3333333333333335,group_apprehension,0,21,rideshare
2026,2026,483,06704c8cd2c57d863c68d1432f86f836cf755cdfe1e4bf0dda74935a509d3725,55.2704,-1.1632,86c8d0258ba1a9ed82ab48fa452db1a8705244d07052882f18191d19e06c5a65,1,1,3,1,3,1,1,4,1,1,1,2,3,1.5,0,1.5,Yes,Yes,i would tell them to relax and take deep breaths i would also suggest that they think of topics that they could talk to people about something that they feel comfortable talking about but nothing that could cause contention stick to general topics such as the weather shopping fashion and such,the ideal way is to use the bus as being a pensioner it is free going by car may be quicker but it incurs fuel and parking charges going by bus is also stress free and relaxing,4e7c6d7be01b15734ec3a144377bda7a9f7584603c05118b61780bad0bc69896,2026,2026,526,70,700+,Female,United Kingdom,No,Other,1.4,1.6666666666666667,solo_apprehension,4.5,0,public_transit
2026,2026,257,0cb69ca26d8476123ba83b959713c8f6570b285fafdf0c96f04f7b5b6afd6a2f,51.7943,0.29090000000000005,9948aab15a839b1f272b932661f00b2305c2606ac429fc15c63fdf4dea0529b6,1,1,1,1,1,1,1,5,1,1,1,1,8,3.5,0,1.5,Yes,Yes,be calm and gentle with yourself dont overthink it smile and approach with your name and ask a simple question like how is your day,mostly by buses and trains is very convenient to get around my city,a3b9de99d8846d0f10bcce5775864b8e12529cdaa099686028661dc66e05071d,2026,2026,513,33,500-599,Male,United Kingdom,No,Full-Time,1,1.6666666666666667,solo_apprehension,28,0,public_transit
2026,2026,428,47b32205ba86e4944063e26fde19bb7a7a71dac0bfb8e2592403ce2c74163575,57.5945,-3.0774,fd2ed0e2cec9ac66ee6b8ed3883614c761eec83d2cadcb5dccb9c99038851155,4,4,4,4,4,3,4,4,4,4,4,3,6,1.5,3,1.5,Yes,Yes,try to practice a few interesting conversation topics you can reuse and get comfortable with think about their response and try to follow up with a few general questions they can be easy and cliche like where are you from but i like if you had to give a ted talk what would it be on getting the other person to feel comfortable talking makes the conversation go a lot easier and takes the pressure off you,personally i prefer to drive myself i like the freedom to go where and when i want though there is something to be said for the relaxing nature of a bus when its not too full,62eec842c421380e341185051e210f470b8758e0ec0663c1c794beee9d8e3d05,2026,2026,437,39,400-499,Male,United Kingdom,No,Full-Time,3.8,3.8333333333333335,solo_apprehension,9,4.5,public_transit
2026,2026,507,d18ba04bc6833dfe6d77c52739894e535a6a1cbecd3e0056e5b5ca527d713a74,43.292100000000005,-79.3296,6a554c1a5b94a6468e92ee4b1c1e1d989244da092ea44259df405928e7b44ad4,1,1,1,1,4,1,4,1,2,1,1,1,6,1.5,3,3.5,Yes,Yes,its normal to feel nervous start with small conversations ask simple questions and remember the confidence grows with practice most people are friendlier and less judgmental than you think,my ideal way to get around my city is by public transportation because it is affordable convenient and reduce traffic it also allows me to relax instead of focusing on driving,d178782b12255251d44a732c2f181c90a6d651771b61c3baae911391f0450136,2026,2026,551,22,200-299,Male,Canada,No,Full-Time,1,1.6666666666666667,solo_apprehension,9,10.5,rideshare
2026,2026,505,be5dab274661bfa6fd0bf7af109dc540c8ce17669c5f0143764b9b8e49f4cfdf,50.3462,-0.7511,9466411e5313615413fdaf234abf75edd0a268b5282f809ee9adf221438233cf,4,4,5,5,5,5,4,5,5,5,5,5,3,1.5,0,1.5,Yes,No,think what you want to say and keep repeating it to yourself in your head until it becomes easy to remember and then just say it out load still to yourself and forget the new peoplejust look up into space when you say it,by busyou can relax and take in all the sites that you never see when driving or walking,3e45d121441dfa759cbb7530153769f44c805ac10ea7f7a18b3355681119d0f0,2026,2026,555,70,700+,Male,United Kingdom,No,Other,4.6,4.833333333333333,solo_apprehension,4.5,0,public_transit
2026,2026,520,8bfa083e36366f86f5a8198c86a3cfbf00e469faad5b7516cf2274e9a3c2c612,50.6802,-0.6436,402085372945bde1c929c547b95cc7cd38bd9fd9dc13138186d5238981f0109d,1,1,1,1,1,1,1,1,1,1,1,1,3,1.5,1,1.5,Yes,Yes,i would advise them to relax be themselves and be friendly it is just another human being like you that you are talking to nothing about that is scary or intimidating even though you dont know them by talking to them you soon will,i am a great believer in using my own horse power for getting around a lot of the time that is walking because whilst walking you can see and appreciate your surroundings in a calm way without the irritations of traffic or being stuck in a car which would distract you from the beauty around you if i dont walk i will tend to cycle as much as possible because being in the open and fresh air you are getting exercise benefiting your health and helping the environment too,05a7c2cb44bb139286ccc94a0adf027f854c2d41f2f2bfb02e6b7c61897f08ce,2026,2026,542,74,700+,Female,United Kingdom,No,Other,1,1,NA,4.5,1.5,public_transit
2026,2026,584,de9fe2d1d676e13bec49082c91930909e626c8d199a855c276b20826f1b207e1,42.2354,-87.7161,314d41b4f14c666f1d6082ec3e1d9127b12f1c0c921409a34cbbd26997f99e57,1,1,1,2,2,2,2,3,3,2,3,2,0,1.5,0,1.5,Yes,Yes,try and be open you should find a commonality and shared experiences to break the ice,i like to walk because it i can see more i can burn more calories,2bd7d46891b7f4ac14850439c22feb0d16151852e966b7dca456b688eca58ed5,2026,2026,597,35,700+,Female,United States,No,Other,1.4,2.5,solo_apprehension,0,0,NA
2026,2026,556,ae97b4b1988f2ca5abad407b667caadc500dd9469ea557bb67d16241a739c064,39.9776,-77.1386,5c9a0d6fae82619662421f2613ac6475eb5c293d7e9462bbcf91012649a3aaeb,2,2,2,2,2,2,1,2,1,1,1,1,3,1.5,3,1.5,Yes,Yes,dont put too much pressure on yourself and dont be afraid of awkward moments they happen to everyone ask simple questions and let the conversation flow naturally building confidence takes practice and every interaction helps,i prefer driving myself since i own my own car and its more convenient as well as efficient it saves time is the most flexible option i like being able to go wherever i need without having to depend on anyone else,2d251645048aa6ea3661b6d1d07517dfc85c79129ff9d0f88f2be7e0219593bb,2026,2026,555,40,700+,Male,United States,No,Full-Time,2,1.1666666666666667,group_apprehension,4.5,4.5,NA
2026,2026,238,d4e89be4f47ca29ba0e6047c2b0ed0a3f3f510bd3137f33c68cee49e8c3352de,38.8057,-94.2862,5565f3acc7109a62e9868e3204ddd5477e6b2298571751b82a901e72f9eab5c5,2,2,2,2,2,2,2,2,2,2,2,2,0,1.5,0,1.5,No,Yes,i would tell them to think about how all people feel nervous to one degree or another when talking to someone new even those who hide it well behind a shield of acting confident i would remind them that the other person is as nervous as they are about making a good impression,i prefer to get around by car but i have to rely on my housemate to drive me so i mostly use services like doordash to do my shopping and only ask my housemate for help when its for something i cant order online,070ab9cb30c28cdc3e8de61ffa6f5dc143d9c9f45674df3b923270946d311482,2026,2026,291,53,700+,Female,United States,DATA_EXPIRED,Other,2,2,NA,0,0,NA
2026,2026,568,074f5e0ae2c1058fec7b09dcc1ff23f2001d626c529e68f3f39730c0a37d513e,38.3514,-122.4554,f768a2857c62e65214728c40e9851135b31ffa3234b4a49f05f56c8b59f97d88,1,1,2,1,1,2,1,NA,1,1,2,1,3,1.5,3,1.5,Yes,Yes,reframe from impress to connect andd make it a mutual discovery ask open questions and stay curious use the 3second rule speak within 3 seconds of eye contact to stop anxiety spiraling prepare 23 anchor topics but do not script remember the spotlight effect others barely notice your nerves and slight hesitation seems authentic start with microrisks like chatting with cashiers to desensitize fear take a long exhale before speaking to instantly calm yourself accept that not every conversation will click that is just mismatched chemistry not your failure nervousness means you care channel it into curiosity each chat is practice for the next,"my ideal is a multimodal network frequent light rail and bus rapid transit as the spine with protected bike lanes and wide sidewalks for short trips all integrated into a single taptopay app i prefer it because it cuts transport costs reduces emissions connects all neighborhoods equitably and builds daily exercise into commutes protected bike lanes lower stress and reliable transit makes car ownership optional this system prioritizes people over parking turning streets into public spaces and making travel predictable affordable and healthier for everyone

",5551a971e3e9252c547674a0d4888f0464f4993294eff6db4b76e77cf1e0c593,2026,2026,610,72,700+,Male,United States,No,Part-Time,1.4,1.2,group_apprehension,4.5,4.5,NA
2026,2026,465,7e3c7eaf31b214c6653abfa4168a17c82418651764abdb98bb1be1ca76bb6edb,41.2228,-73.36319999999999,0424a1fe863ac20a26a5fb9a66f0bb9528170412fbca70b5f5a01052ab761f26,3,1,2,2,2,2,1,2,1,1,2,2,8,1.5,0,1.5,No,No,identify what it is that is causing the nervousness whether its because of introversion lack of interpersonal skills etc break it down into steps address them one by one  tackle each head on do this by actually getting out of your comfort zone  forcing yourself to talk to people but dont go all in take it easy in the beginning  then challenge yourself,i typically prefer walking as i no long have access to my bike as it was stolen i also take the train as it is convenient  affordable compared to talking rideshare i live in a city that is walkable  has high access to public transportation,55706e705f6f923f37c79aa9fc4b7d0aa19ab8ee99fc7fdd0413b07310dc1bab,2026,2026,472,26,700+,Male,United States,No,Other,2,1.5,group_apprehension,12,0,public_transit
2026,2026,288,ce4515cf88ff0552be5466815a06c550461d66db7ae090c77a72d0f41171d59b,30.6878,-90.9162,080c2c3082160c8ea3aeca8f6c3e1f76064080b1f650305e314eb5ecf5e2b7fb,2,1,1,2,2,2,1,2,1,2,2,1,1,1.5,3,1.5,Yes,Yes,just relax and remember that no one is a complete stranger until you begin talking to them itll be okay,i love walking in my city because its very walkable and friendly its also easy to ride a bike which are my two favorite ways to get around the city,3d97b59cca64e9fbedca6bbfc8fd61fc13d91d89552890950b8db66e7d13b1a5,2026,2026,450,59,700+,Female,United States,Yes,Full-Time,1.6,1.5,group_apprehension,1.5,4.5,rideshare
2026,2026,522,30f63480be9800f301aa6822d3e0a590ea990e2e303ae767e75c3b9173fbf2a5,33.725,75.466,0d9393e3e2e7e3c726c62a08237e1136d743f6da5b53145522669b62a66432c7,2,2,1,1,1,1,1,1,1,1,1,1,8,3.5,3,5.5,Yes,Yes,i would tell them that it is perfectly natural and advise them to ask open questions and listen actively being interested in the other person takes the focus away from them and makes the whole process easier,in my case the best combination involves the use of public transport and walking using public transport means that there will be no pressure related to parking whereas walking enables me to breathe fresh air and do some physical activity,40b3d97976ee2f721eed1c30ff5d5e90f12915eb56a6836e073c0e67029ddc33,2026,2026,582,21,0-99,Male,India,No,Full-Time,1.4,1,group_apprehension,28,16.5,public_transit
2026,2026,629,4adc829d0feaa3742d8d71b9254f1c3f0859cdc41a686856ddb63742eed5f4ca,51.946200000000005,-1.6149,69a1e323f9ecf1f1a5394acbbb885e0746fa5239d75444deebcf14de1a4b3e05,2,2,4,2,4,4,4,4,2,3,3,2,1,1.5,0,1.5,Yes,Yes,i would tell them to plan well ahead make sure to think of question that could be asked that are a little outside of the box and have a reply ready if they have all bases covered there will be less reason to panic and thumble through also have people who you think could answer question better or give more insight on different parts and pass the question to them,i prefer to drive into our local town as its a 15 minute drive then spend a few hours walking around before driving back home,855484178e5915642f4e10bc1101a6a70044b9c12519305848bd29ff747bbed2,2026,2026,645,48,700+,Male,United Kingdom,No,Full-Time,2.8,3,solo_apprehension,1.5,0,public_transit
2026,2026,640,d171ece2fcedac78aa4cce91f5b0fd4ec87d68a56d66b00373a8ca231e56553e,30.4312,-81.32289999999999,bdf2dbffa80ccd98b073ea135eb8798a9b6509bb9e6b467305a84a8d3cd3e29c,4,NA,2,2,2,4,4,3,4,2,4,2,6,1.5,3,1.5,No,No,take your time and start off slow itll get easier the more you do it,i would prefer walking but everything is spread out where it is,9680cffd4606389425f3ad24757c883f18f32f47aa8086354b738fbe23b3a536,2026,2026,680,30,700+,Female,United States,No,Other,3,3.1666666666666665,solo_apprehension,9,4.5,public_transit
2026,2026,618,b6e0f4c5f2cf953fc3e169228f3ae757c06fc733a3b9e4819614c77a4e59b749,18.1417,-66.327,4c702f1bd58b7e542476873c4b41f6170fdb954822b14b84236e7194735b41ee,1,1,1,2,1,1,1,2,1,1,2,1,8,3.5,6,1.5,Yes,Yes,i would tell them that most people are just trying to relate to you and i think that people should approach conversations with that mindset for the most part people dont want to argue with you they want to be open with you and if youre open with them theyll usually return the favor,i think it depends i have a good bus route between my house and my work so for work i prefer that sometimes if im not in a hurry ill use the bus to run errands but if im in a hurry and my husband has the car ill use uber or lyft,2e31a685630ad1cea944b05b4bfbd00744f6528f3110c9e262763994eaf487b5,2026,2026,656,41,700+,Male,United States,No,Full-Time,1.2,1.3333333333333333,solo_apprehension,28,9,public_transit
2026,2026,595,af40576db52ff4f2e519e5cb5933574c3aa814909256b3ce5787fc4e3eff17d0,41.6583,-87.8617,3bb5bd94cdf7e5ded69cbf4a7f9b15aacc0ba63c7b7376837812ea1ff6a8402d,1,1,3,2,2,2,4,4,2,2,NA,3,8,1.5,1,1.5,Yes,Yes,i would honestly tell them that its okay to be nervous because the person you are talking to is most likely just as nervous as you are its okay to be nervous around new people,in a city like mine a large metropolitan city with 25 million people the easiest way to get around the city is to take the trains buses and walking its honeslty the best way to get around because the streets are straight cheeks limited space and have to pay to park everywhere,d45272699d52caab40b4ad7e5aaadd3b5afdd2dd750d5e0d8020a90ecbf71ea4,2026,2026,648,32,700+,Male,United States,No,Full-Time,1.8,3,solo_apprehension,12,1.5,public_transit
2026,2026,534,469ce53e07808ed681948dc9c4173aeb3fc96a1017836ef1dc36bee374dd5dad,41.6996,-71.9946,67fe6359a2e5c6fd5f148e8483ded2a4551cb32f1fab7c6cd15cf89369e338e0,2,2,2,2,2,2,3,2,1,1,2,1,8,1.5,3,1.5,No,No,"i actually think this is more to do with experience and less to do with mindset rather than seeking a strategy to make you less nervous increase your exposure keep talking to new people and eventually the nerves will just go away

if you insist that you would like some actionable advice for your next conversations try the late scott adams view point many people are just like you nervous to talk to others very few are actively judging you if you are at a party and are the one to start a conversation even a basic thing like introducing yourself you become in a small way a hero to that person because you broke the ice with someone else who was nervous and now they feel comfortable to talk",my city is fairly walkable so i do prefer to walk most of the time at least in any season thats not winter i also value getting sunlight so walking for thirty minutes is appealing to me if the distance is far enough there is a reliable train service its typically clean and safe so i have no problem riding it,b960ba2012a0369d134dc22fc57523d9843b69c3261e7b5a54142e24c2a97c92,2026,2026,563,39,700+,Male,United States,No,Full-Time,2,1.6666666666666667,group_apprehension,12,4.5,public_transit
2026,2026,653,8ef4464446a17849e5f37f85f4008b2a429643f025428e2328bea5e66a1afd26,40.302600000000005,-73.6366,fb8e16c512cc50472676843fd43b3b3e722ab76eb2873211f28bba36b94af38d,1,1,1,1,5,1,2,1,1,1,1,1,8,1.5,6,1.5,Yes,Yes,that they should resist the fear of speaking their mind as it holds back very many possibilities in their life,using a shared ride moving  around makes me have a better experience,66bcd7af587d6be3b78fd7755d90db2128795ad97f157a30f21cb74e582ff351,2026,2026,676,25,700+,Female,United States,No,Other,1,1.1666666666666667,solo_apprehension,12,9,public_transit
2026,2026,655,ad86663225a955fdb97f77fb6a1e93a0ce047c238583ab078d0c7ed1abe3dab5,47.59,18.4312,789fce3a683622fa8b6746497f41ded72a9777ff72da69bc013d31718c974d3a,1,1,1,1,1,1,4,1,1,1,1,1,8,3.5,3,1.5,Yes,Yes,it is possible to feel nervous when talking to new people and also overcoming the fear is very possible all you need is to trust yourself and be confident be ready to learn and to share ideas with this you can easily overcome the feeling of fear,around the city in small distances riding a bicycle is very nice for longer distances taking a metro is best as it is fast and on time when you want to see the city and its features you can take  a bus or tram and make sure you sit next to a window to be able to see the outside,b6237de3e72acbc24b2d1c150b4a6d60284d559bb21b5cdf910f702bf837a15e,2026,2026,671,44,700+,Male,Hungary,No,Full-Time,1,1.5,solo_apprehension,28,4.5,public_transit
2026,2026,645,30038c9fe1620ac43bda20bf73555be5d04ed7e1834278db1aed9258df513255,52.2128,0.2262,ae636b7caa3a1f4b1d8d02b8887b1df36989ee6714199a4c9a09d1e0e7ac434a,5,1,2,1,2,2,3,2,2,2,3,1,8,1.5,3,1.5,Yes,Yes,i would tell them to just try and relax and take some deep breaths i find it helpful to consciously try and down be more considered,my ideal way to travel around is by cycling as its the quickest and most efficient,e116f5585a59a3804515e7a966657e3f7b0f2ca9c04d625c6ad12ab9feb78ec5,2026,2026,666,34,700+,Male,United Kingdom,Yes,Full-Time,2.2,2.1666666666666665,group_apprehension,12,4.5,public_transit
2026,2026,273,d164ef5dd87603b152ac5155bdf6ef1b7f47cb3d218d7f841b716d21231cfd70,40.5267,-74.9762,9e261399ca55b7c3ff0b2c3bc8d28b112142fc2147c4fdca061066cfd2db545e,3,2,2,3,2,1,1,1,1,1,1,1,0,1.5,1,1.5,Yes,Yes,think about how someone else is probably nervous as well and you shouldnt worry yourself over it,i like to have some key points that i know i want to see but also like natural exploration to come forth as well,382c8a38d9cc9ebeeb48c44c62ed6d1c3458eb1c235d50d2cb3f0a854730bc67,2026,2026,311,32,700+,Male,United States,No,Full-Time,2.2,1,group_apprehension,0,1.5,rideshare
2026,2026,577,e4518c391e14d56c90dc9a658ded9d0212813dc289edc2158b003ce758a27a31,51.9362,-1.3224999999999998,37dda8998fc22f8d83e1b881b0e110ce99610c6e2d978653649e5d1f7bc1ac56,5,5,5,5,5,5,4,5,4,4,4,5,3,1.5,3,1.5,No,No,i would advise them to practice talking to people more in your day to day life speak with those you know well and feel comfortable with more so that you learn the gift of making conversation also look on youtube and other places online for tips and instructional videos that will provide you with the knowledge and skills to improve speaking to new people it is also worth writing down and practicing general topics you may be able to bring up and how to break the ice with new people i find if you have things ready to talk about you will be less likely lost for words and not know what to say it is also worth writing down what exactly is making you nervous as often visualising and recording what is making you afraid can actually be useful as you can work on the actual issue,my ideal way to get around my city is to use the train mainly as the ride is far more comfortable and faster than travelling by bus and cheaper than travelling by car it is also much less likely to be delayed than other transport in my experience and is ofen safer and cleaner than other public transport options it is the one transport method you can relax in fully and switch your mind off,2f3bacc1495c3a3e33d0cd48e4c72abf3cacd4e4d1773c4c97fa299d87deaf28,2026,2026,603,45,700+,Male,United Kingdom,No,Other,5,4.333333333333333,group_apprehension,4.5,4.5,NA
2026,2026,743,ef3e659553ff06da013d5aa632e9be47dc7678b1c035b0fe3435331c7a2a2c53,53.8496,-0.996,7d67595dafd055a5c675a1e71babbc1ff7903d5d45c0ffb32df228c012565f00,4,4,2,3,5,4,5,4,4,4,4,4,3,1.5,1,1.5,No,No,i would suggest just talking the way they do to an old friend or work colleague the new person is probably a little nervous too but once the initial first words are said youll start to feel yourself relaxing  deep breathing is also a big help at anxious times too try not to overthink the situation,"i like to make a mental note of the places of interest that id like to visit and then brig up a map that shows how close they are in relation to each other
if i feel that it is too long a distance to walk i would hail an uber to take me the rest of the way i do think tht walking as much as possible gives you a real feel for the city and the people who livee there you can take in more sights and smells and atmosphere when walking",377f8270b4bdbf203d84fd349d9b572e622296559ba32b0569de7c771d4c60a1,2026,2026,781,70,700+,Female,United Kingdom,DATA_EXPIRED,Other,3.4,4.166666666666667,solo_apprehension,4.5,1.5,public_transit
2026,2026,814,5e40b73ffb8dc8a057fefee28cd1e9eb611720e8a4a79a7860163ce60dfb9715,39.8328,-74.3132,37da04b700fbd436f4ad6baa1e67584ae8dc1bf2116c2449aff7e888942c6e5c,4,4,3,4,3,4,3,4,3,4,5,4,8,1.5,0,1.5,Yes,No,assuming you know ahead of time that you may meet new people you can prepare conversation starters in the form of general questions its also best to be aware of the situation among meeting new people like what event it is the location etc if its a transaction where you are the customer but need help you may need to mentally prepare exactly what you need help with i personally have a script for those situations if you somehow end up working a job facing customers a script and rehearsals can also help if the other people talk a lot and just simply never shut up i find it easier to just let them talk and listen to them nodding as they talk maybe throw in an ah once in a while so it looks like im engaged in the conversation but make sure you are actually listening and making mental notes of what theyre saying because if they somehow rope you into the actively participating in the conversation with a random question you may need need to go over your mental notes to respond if you cannot respond and are panicking dont forget to breathe and just inform them that you need to think about it and then maybe excuse yourself and escape to the bathroom or something,i like taking the subway i find the ride relaxing even though there are other people everybody mind their own business when im out and about i like to walk its excellent exercise and pretty straight forward because most areas are laid out like a grid,c37f1d592eb75558e8b80da615da3770d21160c3a45fc79d825955f79b1cdebc,2026,2026,824,37,600-699,Female,United States,No,Other,3.8,3.8333333333333335,solo_apprehension,12,0,public_transit
2026,2026,877,d348b0c9e22a505ff8a24d185ff8cc9eb49af5419407c9d0371ef8188e5ce05d,50.2156,-119.0597,f2ffbd64a7322a79869d9f06d634c07b812fcf49301f39dbb690062728c60099,1,1,1,1,4,2,4,1,2,1,2,1,8,1.5,8,1.5,Yes,Yes,firstly i would tell them it is very common and that confidence usually grows with practice rather than appearing all at once so one piece of advice is to shift focus away from trying to make a perfect impression instead be curious about the other person asking simple openended questions like what do you enjoy doing or how do you know everyone here or some stuffs like that,my ideal way to around a  city is by using a combination of walking public transportation and cycling depending on the distance and purpose of the trip i like this approach because it is practical and environmental friendly and allows me to experience the city more closely than i would from inside a car,6dd96b361fad58dbbe221e748765a5e8a18f3ae31dc7341385521216ef5268bd,2026,2026,907,33,0-99,Male,Canada,No,Full-Time,1.2,1.8333333333333333,solo_apprehension,12,12,NA
2026,2026,666,b89ab951dcc374d7b6328e6e0c67d92f73e388f14d4ae9a151eb47a683646c58,51.3075,0.3985,247ae23c4c4bb47c25a5d5e34cf2f31179dc318e8b2a2f3edb462c9f21df5060,3,1,2,2,2,2,2,4,2,2,2,1,8,3.5,8,1.5,No,No,i would tell them to relax and focus on being themselves meeting new people is a vital skill,i like getting lime bikes electric bikes especially if im in central london,287f12cd84e81f4de706292becea16fce4dbd1ce477e27be61f0163b14e06e69,2026,2026,692,28,200-299,Male,United Kingdom,No,Other,2,2.1666666666666665,solo_apprehension,28,12,public_transit
2026,2026,282,2da8e09055ed7072b9ab51cfc529b76eee4230c9e11b35080bc79a62ddd96147,40.3272,-4.014,32284ade76d6973e58641037ac723bba4bb21173da4999ad6f751179232b46e5,2,2,3,2,4,3,2,1,2,1,2,1,3,1.5,0,1.5,Yes,Yes,try to relax and that the person they meet may feel the same way,local bus or walking usually the latter once i get to the city,8c113c81e5010db8f908a7114a2fd0c904c52653aafde79ab46ca66b62846620,2026,2026,313,64,0-99,Male,Spain,No,Other,2.4,1.5,group_apprehension,4.5,0,public_transit
2026,2026,1288,6bf7adb6a4f1695aafa0a409b13f232d4549ec22913b94e676a9cfbce03993c1,44.2739,-79.5574,de0e2dc1ec48e5b0096010c8f913793ee29d7a025d9b11685c4c6e00fd91b2c6,3,2,4,3,4,2,4,3,4,2,3,3,3,3.5,1,1.5,Yes,Yes,please calm and patience please honest with everyone,i prefer to go in a bus or in a train,6698d043caed1db4ec8fe7923beee40e418ba583fb33dcc39210134686a23c52,2026,2026,1286,26,100-199,Female,Canada,No,Full-Time,2.8,3.1666666666666665,solo_apprehension,10.5,1.5,public_transit
