StartDate,EndDate,Duration (in seconds),ResponseId,LocationLatitude,LocationLongitude,Q0,Q1,Q2,Q3,Q4,Q5,Q6,Q13,Q14,Q15,Q16,Q17,Q18,Q26,Q27,Q28,Q29,Q20,Q21,Q18.1,Q19
2025,2025,11,d021b2e6eda401f795faddfa3d7bd5e559fa458b973b113e4ff6643b6da61d34,42.780499999999996,-89.4923,,,,,,,,,,,,,,,,,,,,,
2025,2025,36,1cab4557741ee763d960a629350156b8590462a6d6188b567ce062c1c6623ce9,36.7595,-95.29469999999999,6ac07c3845b0ce5cac4ab3569ea70236b7cfa8fd51576e12226279a282182dcb,Somewhat disagree,Strongly agree,Somewhat disagree,Somewhat agree,Somewhat disagree,Somewhat agree,Somewhat disagree,Somewhat agree,Somewhat disagree,Somewhat agree,Somewhat agree,Somewhat disagree,Never,1-2 rides in a typical day,Never,1-2 rides in a typical day,,,,
2025,2025,74,7bbf0ccfea1454bac9a4d4ffa0d079dbff840fefad510de4dc8ff510faea7500,51.9759,-1.8685,c67b3266ecd4af12979c1f67d1efffd0d3e9bfbc567d211e5b7a0724b7890b7d,Neither agree nor disagree,Strongly agree,Strongly disagree,Neither agree nor disagree,Strongly disagree,Strongly agree,Strongly disagree,Strongly agree,Strongly disagree,Strongly agree,Strongly agree,Strongly disagree,Never,1-2 rides in a typical day,Never,1-2 rides in a typical day,,,,
2025,2025,43,d45604a6be40d49805f97577fa2b8bcb3680362324ab83deac9bb9b9b44c63dd,43.6362,-120.2847,9c5b42df3203a81a70ea12998f2d28fee1d90d78f8eafd0013b83f48717c60e9,Somewhat disagree,Somewhat agree,Somewhat agree,Somewhat disagree,Somewhat agree,Neither agree nor disagree,Somewhat agree,Somewhat disagree,Neither agree nor disagree,Neither agree nor disagree,Neither agree nor disagree,Neither agree nor disagree,Never,1-2 rides in a typical day,Never,1-2 rides in a typical day,,,,
2025,2025,69,d3c37726e9c85e91e853c4e2d445f4d1a36766de6395cefc94944d78a69a8950,43.0284,-82.9864,8fd5d407c80b93e07e303f68d4e9a359915c598c244a3cb6afa0e9b5c331f2aa,Somewhat disagree,Somewhat agree,Neither agree nor disagree,Somewhat agree,Neither agree nor disagree,Neither agree nor disagree,Neither agree nor disagree,Somewhat disagree,Somewhat disagree,Somewhat agree,Somewhat agree,Somewhat disagree,2-4 days a month,1-2 rides in a typical day,Never,1-2 rides in a typical day,,,,
2025,2025,72,91002b8546f7fd9a058243a547d255cb9806e68fa601776227c4a97e517b5848,45.9735,-122.8741,68e9369695b661f480a52f3a8817f34c706e69682e9555d10b612e51172ec07d,Somewhat disagree,Somewhat agree,Somewhat disagree,Somewhat agree,Somewhat disagree,Somewhat agree,Somewhat disagree,Somewhat agree,Somewhat disagree,Somewhat agree,Somewhat agree,Somewhat disagree,8 or more days a month,3-4 rides in a typical day,2-4 days a month,1-2 rides in a typical day,,,,
2025,2025,85,079a66917f9e69d4565f7a1e06bf7a1ca88effbe099e138829a3aed0f8e70d63,43.020599999999995,-77.0992,6eda5ee338b7e3ec883c9b0abc31cec1cb49eebd663ce53608737dd7e917e2bd,Somewhat agree,Somewhat disagree,Somewhat agree,Strongly disagree,Strongly agree,Strongly disagree,Somewhat agree,Somewhat disagree,Somewhat disagree,Somewhat disagree,Somewhat disagree,Neither agree nor disagree,Never,1-2 rides in a typical day,Never,1-2 rides in a typical day,,,,
2025,2025,77,3f4aebb91caed23014db7b69b44c1149414bf389209216e31ffb4d6fd541b737,39.249900000000004,-121.6151,506fb95b78aa3d050d5a1400de996c6ff4ee098b28a247b202c4e9603e0bb30f,Somewhat disagree,Somewhat agree,Neither agree nor disagree,Somewhat agree,Neither agree nor disagree,Neither agree nor disagree,Somewhat agree,Neither agree nor disagree,Neither agree nor disagree,Neither agree nor disagree,Somewhat agree,Neither agree nor disagree,Never,1-2 rides in a typical day,2-4 days a month,1-2 rides in a typical day,,,,
2025,2025,71,fb19b7f87eb7729277ebd379d15fcbbc3de04fe96723c8146d412bb4d5abe1e6,40.9726,-73.9466,e016f6176ab1858386b30c35d540459c50cb23634fe0ca1180801474966f44a1,Strongly disagree,Strongly agree,Strongly disagree,Strongly agree,Somewhat disagree,Strongly agree,Somewhat disagree,Strongly agree,Strongly disagree,Somewhat agree,Somewhat agree,Strongly disagree,0-1 days a month,1-2 rides in a typical day,2-4 days a month,1-2 rides in a typical day,,,,
2025,2025,117,d6363c1da690391ed0eee4cef9991675da95bb611254242082c884712bfd0867,36.8237,-81.213,1cefb8d34b92489e8ffd9cf34c469964f0527b1cae33e00a8a52f4aef0d66679,Strongly disagree,Strongly agree,Somewhat disagree,Strongly agree,Somewhat disagree,Strongly agree,Somewhat disagree,Somewhat disagree,Somewhat disagree,Strongly agree,Somewhat agree,Strongly disagree,Never,1-2 rides in a typical day,2-4 days a month,1-2 rides in a typical day,,,,
2025,2025,113,680ddd639e2de79d413c8fec18590f7133207203c5a1e520179264fe10918219,32.8088,-79.606,8b18183122f0ff05f1e8d91d221d64f2c42a93cbe76493b2b687865c2bd75615,Strongly disagree,Strongly agree,Somewhat disagree,Strongly agree,Somewhat agree,Somewhat disagree,Somewhat agree,Strongly agree,Somewhat disagree,Somewhat agree,Strongly agree,Strongly disagree,0-1 days a month,1-2 rides in a typical day,0-1 days a month,1-2 rides in a typical day,,,,
2025,2025,84,a541da8db874e6c01595edfb1801c911c88e55ee781afac22b09274a3e5f4985,35.0859,-88.3867,137ea28d8a52bd0c74770beb8bbc58d714e271ac863185ae0fb5848cbdd8d4b7,Somewhat agree,Somewhat agree,Somewhat agree,Somewhat agree,Somewhat agree,Somewhat agree,Somewhat agree,Somewhat disagree,Somewhat agree,Somewhat disagree,Somewhat disagree,Somewhat agree,8 or more days a month,1-2 rides in a typical day,2-4 days a month,1-2 rides in a typical day,,,,
2025,2025,63,42451b5437997bc7acc28de63feadf7175126848cfcf1be519a679946a08c0cb,42.0725,-97.1292,e0c7f7fdb941d16c191a2c26f534fa43364445ac13d977c415289f443db4a1d8,Somewhat disagree,Somewhat disagree,Somewhat agree,Strongly disagree,Somewhat agree,Somewhat disagree,Neither agree nor disagree,Neither agree nor disagree,Somewhat disagree,Neither agree nor disagree,Neither agree nor disagree,Somewhat disagree,Never,1-2 rides in a typical day,Never,1-2 rides in a typical day,,,,
2025,2025,87,0fde7e56e5d279afd27a55d34f8d2b77cad0dd60d8794da1cdb00d642a275b1d,34.536500000000004,-116.728,76d05dd5ad4b4e56b6bcf3332a5176a5e7d9447a037db50a9ae6cbeb2925abdb,Strongly disagree,Somewhat agree,Somewhat disagree,Somewhat agree,Neither agree nor disagree,Somewhat agree,Neither agree nor disagree,Somewhat disagree,Somewhat disagree,Strongly agree,Somewhat agree,Strongly disagree,8 or more days a month,3-4 rides in a typical day,8 or more days a month,1-2 rides in a typical day,,,,
2025,2025,57,4fa4485dff84ca9ddfe7202bc46b76ed857f22bcd8c7bec75c3969457c2380bf,33.9156,-83.4325,d1085bc24a7fe88b0d48a1501dbcd444ede1c0f1f134a5a05898a6bc84d7cf18,Somewhat agree,Somewhat disagree,Strongly agree,Somewhat disagree,Strongly agree,Somewhat disagree,Strongly agree,Strongly disagree,Strongly agree,Somewhat disagree,Somewhat disagree,Somewhat agree,Never,,0-1 days a month,1-2 rides in a typical day,,,,
2025,2025,66,c91a467a97ed603c46c2aca1b959e49a8292b33680780f896aa4e635bb4baa52,47.4291,-92.5238,ca7c0b1f54ed53340b4a2e3adc2e5cb5284bd9541ec49cfd4ed9c42418fdc077,Strongly disagree,Strongly agree,Strongly agree,Strongly agree,Somewhat agree,Somewhat agree,Neither agree nor disagree,Somewhat agree,Neither agree nor disagree,Somewhat agree,Strongly agree,Somewhat disagree,4-8 days a month,1-2 rides in a typical day,4-8 days a month,1-2 rides in a typical day,,,,
2025,2025,78,599876620b911ec5ba7f8960bfbf485aaef6e0b281060e2a9e4236f165390efa,44.47,-92.6027,4d2636ad20c055a0424fc4b05384b67c0fddd7345505b86e42f37e936deadea9,Somewhat disagree,Strongly agree,Strongly disagree,Somewhat agree,Strongly disagree,Strongly agree,Strongly disagree,Strongly agree,Strongly disagree,Strongly agree,Somewhat agree,Strongly disagree,0-1 days a month,1-2 rides in a typical day,0-1 days a month,1-2 rides in a typical day,,,,
2025,2025,80,f9eccfc96e1737935118ade894edce866957400fa2e3da4dae38eaced08dff4d,33.833200000000005,-111.9048,8ec2aa78954708560b4a0131051b6fa636a8043865e3ef2fe094bd5c09f71042,Strongly disagree,Strongly agree,Strongly disagree,Strongly agree,Strongly disagree,Strongly agree,Strongly disagree,Strongly agree,Strongly disagree,Strongly agree,Strongly agree,Strongly disagree,2-4 days a month,1-2 rides in a typical day,4-8 days a month,3-4 rides in a typical day,,,,
2025,2025,68,66a2ee6c4d2f7cb02f5901319dacabfc1977e1639dce60cbe79dc37e2ce35b3d,34.7196,-81.5487,b6954799ca47bc836ac02ab86e4710c3b0e096d7ace449b81aaa1d5845431821,Neither agree nor disagree,Neither agree nor disagree,Neither agree nor disagree,Neither agree nor disagree,Neither agree nor disagree,Somewhat agree,Neither agree nor disagree,Neither agree nor disagree,Neither agree nor disagree,Neither agree nor disagree,Neither agree nor disagree,Somewhat disagree,Never,1-2 rides in a typical day,0-1 days a month,1-2 rides in a typical day,,,,
2025,2025,115,b8565f331e655a129b9214b9c516717b6e71468a234eb40e833f8cec9ae1d46d,38.8969,-77.6803,0f875094985719584b30014d70892ff6e6fec6010cf00e3f6818f1b1233ad913,Somewhat disagree,Somewhat agree,Somewhat disagree,Somewhat agree,Somewhat disagree,Somewhat agree,Somewhat disagree,Somewhat agree,Somewhat disagree,Somewhat agree,Somewhat agree,Somewhat disagree,2-4 days a month,1-2 rides in a typical day,0-1 days a month,1-2 rides in a typical day,,,,
2025,2025,90,e98b404e2836bca62fdd682cafcbe3581ba3fe7ad56d4f968ae7bf2843211281,42.7086,-72.60310000000001,aac87b1d9f02e48da0b94297f1353bec2c0057d8ca6e15616562b9303d3aec69,Somewhat disagree,Somewhat agree,Strongly disagree,Somewhat agree,Somewhat disagree,Strongly agree,Strongly disagree,Strongly agree,Somewhat disagree,Somewhat agree,Somewhat agree,Strongly agree,4-8 days a month,1-2 rides in a typical day,4-8 days a month,1-2 rides in a typical day,,,,
2025,2025,93,9d535518f5f8b7677aa0b6419e2b4a6df9e236cbd441edd66bdb82b3e6eea0fa,40.5103,-74.7953,bf717b718324d175a28000b02af82bcee0a92a5c8a79810cd3b568c7f10d1ca3,Somewhat disagree,Somewhat agree,Somewhat disagree,Somewhat agree,Somewhat disagree,Somewhat agree,Somewhat disagree,Somewhat agree,Somewhat disagree,Somewhat agree,Somewhat agree,Strongly disagree,8 or more days a month,1-2 rides in a typical day,4-8 days a month,1-2 rides in a typical day,,,,
2025,2025,107,0db9343f6306b40a638dbabcdd0c610c5e9ba8f25b6c71fc60b1078b469e2706,38.642,-87.6614,d2af37fe6b096a9432f93581a6efd91214c2a8c619c9ec97e02e964e966643c3,Strongly disagree,Strongly agree,Strongly disagree,Somewhat agree,Strongly disagree,Somewhat disagree,Somewhat disagree,Somewhat agree,Somewhat disagree,Somewhat agree,Somewhat agree,Strongly disagree,2-4 days a month,1-2 rides in a typical day,2-4 days a month,1-2 rides in a typical day,,,,
2025,2025,101,b356f795510cef659cbcde1c09ce563f8e81eaf09e7f4633342a534c53dcb593,43.3219,-83.0244,59dea5c3f2e3276aab6f50041b86f8e020c35d1c81db330d765202feb0dd6b4c,,Strongly disagree,Strongly disagree,Strongly agree,Somewhat disagree,Strongly agree,Somewhat disagree,Strongly agree,Somewhat disagree,Strongly agree,,Strongly agree,4-8 days a month,3-4 rides in a typical day,4-8 days a month,1-2 rides in a typical day,,,,
2025,2025,61,d82c27fccedaad8ac7606abd55674e019ee1d8e60026d704c39fcf740fa263df,39.850300000000004,-75.8253,74cdd143e43b6f3acdefaab72f024f252daf345eea4ef641ec4418114fb420d0,Neither agree nor disagree,Neither agree nor disagree,Neither agree nor disagree,Neither agree nor disagree,Somewhat agree,Neither agree nor disagree,Somewhat agree,Somewhat agree,Neither agree nor disagree,Neither agree nor disagree,Somewhat agree,Somewhat agree,2-4 days a month,3-4 rides in a typical day,4-8 days a month,5-6 rides in a typical day,,,,
2025,2025,165,8b2aab2671fd48447585f0ceda69225e04532834db25654d756029247fadfc6f,33.415800000000004,-119.0493,ebab12e9878344fdc93a8c1cad27ff2f709e12b90f0496de3332f508f3b2b9c9,Neither agree nor disagree,Somewhat agree,Somewhat disagree,Somewhat agree,Neither agree nor disagree,Somewhat agree,Neither agree nor disagree,Somewhat agree,Neither agree nor disagree,Somewhat agree,Somewhat agree,Somewhat agree,2-4 days a month,3-4 rides in a typical day,0-1 days a month,3-4 rides in a typical day,,,,
2025,2025,98,5af3b9f112f114a24daff3203d8f508431e26272b2b1376312d6f02dc501431b,40.3603,-76.2653,101776c41cd2dbbac39a0721e0a6543cace6154f90cebb6f81fe9023487b2520,Somewhat disagree,Somewhat agree,Somewhat disagree,Somewhat agree,Somewhat agree,Somewhat agree,Somewhat agree,Strongly agree,Somewhat disagree,Somewhat agree,Somewhat agree,Somewhat disagree,8 or more days a month,3-4 rides in a typical day,8 or more days a month,3-4 rides in a typical day,,,,
2025,2025,104,a79d05252b77c5e62ee23ba8e9025070b5d1fde4a17aa265ad88f0612fc08c1d,41.3514,-75.8519,be2320c1076e2b66cb5cad7a6f8b704b80d4a32b864889e7791a0b35dda0dde0,Strongly disagree,Strongly agree,Somewhat disagree,Strongly agree,Somewhat disagree,Strongly agree,Somewhat agree,Neither agree nor disagree,Somewhat disagree,Somewhat agree,Somewhat agree,Somewhat disagree,0-1 days a month,1-2 rides in a typical day,Never,1-2 rides in a typical day,,,,
2025,2025,89,755ddef33648d9a652dec2ca6fc0f7793a67467af2f16cc88a13b7443cf43ced,42.2047,-76.5511,2ec6d46dd4fd933499847e83eb4d8322bca18d5440e8a5967652996718052950,Somewhat disagree,Somewhat agree,Strongly disagree,Somewhat agree,Neither agree nor disagree,Somewhat agree,Neither agree nor disagree,Somewhat agree,Strongly disagree,Somewhat agree,Neither agree nor disagree,Strongly disagree,Never,1-2 rides in a typical day,Never,1-2 rides in a typical day,,,,
2025,2025,106,a92307155683f2452d2b2c4e0fb5d67ecd0b025535f161103581e3de08b6b332,33.524100000000004,-85.0535,aaa6f524430a151ba1346063fefcec7823ad279947861eb5b31ce4da9889eb92,Somewhat disagree,Strongly agree,Strongly disagree,Somewhat agree,Strongly disagree,Strongly agree,Strongly disagree,Strongly agree,Strongly disagree,Strongly agree,Strongly agree,Strongly disagree,4-8 days a month,1-2 rides in a typical day,4-8 days a month,1-2 rides in a typical day,,,,
2025,2025,143,f3bce1d55c72a56cb5ee44107e3945ff8289eb1b4df1298e63af48622a6a5934,41.2335,-87.9005,10411c7dda46b02f1668814bf8cd9b0170f92c9a06e017120a022e6bb09da73e,Neither agree nor disagree,Somewhat agree,Neither agree nor disagree,Somewhat agree,Somewhat agree,Somewhat agree,Somewhat agree,Somewhat agree,Neither agree nor disagree,,Strongly agree,Somewhat agree,0-1 days a month,3-4 rides in a typical day,2-4 days a month,1-2 rides in a typical day,,,,
2025,2025,127,58e752ba9545ebf7add9b43d7205144f72539c818c76341f89611566ab07e717,37.760999999999996,-98.36200000000001,b9ad8be6896c5bf2e3e72e773516d1d7911573c33e92e9b20544cb4f9b4ff13a,Neither agree nor disagree,Somewhat agree,Somewhat agree,Somewhat agree,Somewhat agree,Neither agree nor disagree,Neither agree nor disagree,Neither agree nor disagree,Neither agree nor disagree,Neither agree nor disagree,Neither agree nor disagree,Neither agree nor disagree,8 or more days a month,3-4 rides in a typical day,8 or more days a month,1-2 rides in a typical day,,,,
2025,2025,111,7175e198898c5f0ba68002abe5c33fb14796723e78011694518f55e665ed0953,33.8658,-118.28930000000001,1bd40f32f179f589604b8c5ce7c98f245da1456225ba20692e14c9bc6a7124fb,Somewhat disagree,Strongly agree,Somewhat disagree,Strongly agree,Somewhat disagree,Somewhat agree,Somewhat disagree,Somewhat agree,Somewhat disagree,Strongly agree,Somewhat agree,Somewhat disagree,2-4 days a month,1-2 rides in a typical day,2-4 days a month,1-2 rides in a typical day,,,,
2025,2025,121,c86b7983a2d6da398320ac535e99499ae58f59842b0c4812b2d30598d203c5ca,52.128099999999996,-0.9978,da338b6255829f37c0b15b3eb7305edf61ff79a55f4009646a21f15feee1f0e1,Somewhat disagree,Somewhat agree,Somewhat disagree,Strongly agree,Neither agree nor disagree,Somewhat agree,Somewhat disagree,Somewhat agree,Strongly disagree,Somewhat agree,Somewhat agree,Strongly disagree,8 or more days a month,3-4 rides in a typical day,2-4 days a month,3-4 rides in a typical day,,,,
2025,2025,141,418b9b19f801ddd9d96933dc471ad4d0ada8c0894b4683bb2a472634c4d7b024,33.5088,-79.276,39c71c1496e7a0223fa78a11a39fb94c9bd542b60b9835bad6c71e04d8c985f5,Strongly disagree,Strongly agree,Strongly disagree,Strongly agree,Strongly disagree,Strongly agree,Strongly disagree,Strongly agree,Strongly disagree,Strongly agree,Strongly agree,Strongly disagree,4-8 days a month,3-4 rides in a typical day,4-8 days a month,3-4 rides in a typical day,,,,
2025,2025,122,97315bca01244ecf619ece520dac92f0577a5ed29b1153659215e7e671816fd6,36.2586,-86.5942,a6be4ac159b038e6b53160afc668852bcc6da4cca25de4bae3aab83cc483ef78,Strongly agree,Somewhat agree,Somewhat agree,Somewhat disagree,Somewhat agree,Neither agree nor disagree,Neither agree nor disagree,Somewhat agree,Somewhat disagree,Neither agree nor disagree,Neither agree nor disagree,Neither agree nor disagree,Never,1-2 rides in a typical day,Never,1-2 rides in a typical day,,,,
2025,2025,118,b151b31998a59390370fef3d23b5d5d9e074bbb66f284cd5c0cc5a197acf7984,39.990300000000005,-73.1614,b84da9244bc40253f8033bc91bb13f3c5081e69f45392c285bb267e08da2cc98,Somewhat disagree,Somewhat agree,Somewhat disagree,Somewhat agree,Neither agree nor disagree,Somewhat agree,Neither agree nor disagree,Neither agree nor disagree,Neither agree nor disagree,Somewhat agree,Neither agree nor disagree,Somewhat disagree,0-1 days a month,1-2 rides in a typical day,2-4 days a month,1-2 rides in a typical day,,,,
2025,2025,142,514db03574f8c387122988c9a8e596ef9e25d92a13c897d17f396cefed619615,33.3897,-96.5622,653c90b7ddf25ea2f906f8b0191b3ad45defad3d7b12db0e62c5bdf01fd51dc2,Strongly disagree,Strongly agree,Somewhat disagree,Somewhat agree,Somewhat disagree,Strongly agree,Somewhat disagree,Strongly agree,Somewhat disagree,Strongly agree,Strongly agree,Somewhat disagree,4-8 days a month,1-2 rides in a typical day,2-4 days a month,1-2 rides in a typical day,,,,
2025,2025,72,ed36b71d4426c3cae4611b4182913a1a3152936b2aa619df2c1fc7c250261def,37.1881,-91.1624,721370b37fe5dcec328251fc066ada21bb9e17724420f9bc3392bce880fb2c32,Somewhat disagree,Strongly disagree,Strongly disagree,Strongly disagree,Somewhat agree,Strongly disagree,Somewhat agree,Somewhat disagree,Somewhat agree,Somewhat disagree,Somewhat disagree,Somewhat agree,Never,1-2 rides in a typical day,Never,1-2 rides in a typical day,,,,
2025,2025,159,023587bc883a8151b1a6825d136d01345055867652f9ffa1e2589f0ab5759ab1,46.8422,-122.4057,2ff0a9ce8058a553d54c6b0e76fd5c463e5e760eb77d9fb88139f815753a6bbf,Strongly disagree,Strongly agree,Somewhat disagree,Somewhat agree,Somewhat disagree,Strongly agree,Neither agree nor disagree,Strongly disagree,Somewhat disagree,Strongly agree,Strongly agree,Strongly disagree,2-4 days a month,1-2 rides in a typical day,2-4 days a month,1-2 rides in a typical day,,,,
2025,2025,166,8efaeab0fba6a577495871ee89578fbc1befa2ce41558da3f018b61755623b7f,39.8258,-74.9942,fed6f5638289a28859c9481746f14a0b397c7a7ec7233e1d48a7aecb3533a38f,Strongly disagree,Strongly agree,Strongly disagree,Strongly agree,Strongly disagree,Somewhat agree,Somewhat disagree,Somewhat agree,Somewhat disagree,Somewhat agree,Somewhat agree,Somewhat agree,2-4 days a month,1-2 rides in a typical day,0-1 days a month,1-2 rides in a typical day,,,,
2025,2025,132,5ba8bbc2e68d610bf94bb9fdd2a8ac7d82746cd16abedc22e68826cfe0072581,37.4528,-77.61,8312fd61bd323a93df5b3fe6d112f157b7f2a8a5ebaa37269f811eb4f3a73a75,Strongly disagree,Strongly agree,Somewhat disagree,Strongly agree,Somewhat disagree,Somewhat agree,Neither agree nor disagree,Strongly agree,Somewhat disagree,Somewhat agree,Strongly agree,Somewhat disagree,8 or more days a month,1-2 rides in a typical day,4-8 days a month,1-2 rides in a typical day,,,,
2025,2025,120,34a5398035f9a605a65ea72b017fc9c58c67925353963c1de2589339c127b455,37.690999999999995,-97.122,844eb500254d91c59c46b13b4e2c9bb9c2bd487a3dfea1240570cee252a1b229,Somewhat disagree,Somewhat agree,Somewhat agree,Somewhat agree,Somewhat agree,Somewhat disagree,Somewhat agree,Somewhat disagree,Somewhat disagree,Somewhat agree,Somewhat disagree,Strongly disagree,2-4 days a month,3-4 rides in a typical day,4-8 days a month,5-6 rides in a typical day,,,,
2025,2025,157,61f0955481fb19b800e94ada517559ff0caf31f9106c9f1480911d60893e40b6,42.8213,-90.6123,d6b8f91f1ef8af43817f23dd88988f6e914ce0de8b386d748aa89d0434168f84,Somewhat disagree,Somewhat agree,Somewhat agree,Somewhat agree,Somewhat agree,Somewhat disagree,Somewhat disagree,Somewhat agree,Somewhat disagree,Somewhat agree,Somewhat agree,Somewhat disagree,2-4 days a month,1-2 rides in a typical day,Never,1-2 rides in a typical day,,,,
2025,2025,112,6aa544e2285ee7d60a7d16128750e002a49e67e4b2bc6e6d3046c92e2d1cdffa,27.913600000000002,-80.5338,62faa876fdb62afd705635c6e391f5a93c242a1f6847b955507f5621bfea46cf,Strongly disagree,Strongly disagree,Strongly disagree,Strongly agree,Strongly disagree,Strongly agree,Somewhat disagree,Strongly agree,Strongly disagree,Strongly agree,Somewhat agree,Strongly disagree,8 or more days a month,1-2 rides in a typical day,8 or more days a month,1-2 rides in a typical day,,,,
2025,2025,116,ad69346b6070e33333f74e5bc194ef2e19be23c263cc4bdc4608146f095e61d7,25.420099999999998,-79.73280000000001,7f46795118cb1b4298784da138d49291cb3d0a15280330dcc1c43cfae11585ff,Neither agree nor disagree,Somewhat agree,Neither agree nor disagree,Somewhat agree,Somewhat disagree,Somewhat agree,Neither agree nor disagree,Strongly agree,Strongly disagree,Strongly agree,Somewhat agree,Strongly disagree,2-4 days a month,1-2 rides in a typical day,0-1 days a month,1-2 rides in a typical day,,,,
2025,2025,206,308b69c5c5bf60d403221bbd51129dffc48f89ac6c0cc932503c4b1988a03317,37.231700000000004,-80.43339999999999,16de84084b9fa11f26ac309c29d6fe7e89d68a8c268edea598e0a1a1f84baf39,Somewhat disagree,Strongly agree,Strongly disagree,Strongly agree,Somewhat disagree,Strongly agree,Neither agree nor disagree,Somewhat agree,Somewhat agree,Strongly agree,Neither agree nor disagree,Neither agree nor disagree,4-8 days a month,1-2 rides in a typical day,2-4 days a month,1-2 rides in a typical day,,,,
2025,2025,191,69efa496fd8deae1315c28da7fa8d05788b020ee5a3fe64c9689328a7edf3688,33.3868,-80.2801,0fdc6e687766a7396a68cc21eb12884503ee2d031b7e1ab775849c700747fb74,Strongly disagree,Strongly agree,Somewhat disagree,Somewhat agree,Somewhat disagree,Strongly agree,Somewhat disagree,Somewhat agree,Somewhat disagree,Strongly agree,Somewhat agree,Somewhat disagree,8 or more days a month,1-2 rides in a typical day,4-8 days a month,1-2 rides in a typical day,,,,
2025,2025,186,3a857ba5bd0ca9804501e6ee7a27395fe89c30ab1539c259ff0db853d5623792,34.695800000000006,-117.5193,11a8acd6b682cba72759531d67320de19d6f671131ec26dae4f8c459caf26c97,Strongly disagree,Strongly agree,Neither agree nor disagree,Strongly agree,Somewhat disagree,Neither agree nor disagree,Somewhat disagree,Somewhat agree,Somewhat disagree,Somewhat agree,Neither agree nor disagree,Strongly disagree,2-4 days a month,1-2 rides in a typical day,2-4 days a month,1-2 rides in a typical day,,,,
2025,2025,194,4a4c8c76c893c57a32debabedcdb114ed4afc866ca3cc0baf8ad72506f1b1a79,42.1847,-82.1882,0689a39664b0e2e55ae5b5447565c2e80567e5c4b0394474c5d04975810725c6,Somewhat disagree,Somewhat agree,Somewhat disagree,Somewhat agree,Somewhat disagree,Somewhat agree,Somewhat disagree,Somewhat agree,Somewhat disagree,Strongly agree,Somewhat agree,Somewhat disagree,0-1 days a month,1-2 rides in a typical day,0-1 days a month,1-2 rides in a typical day,,,,
2025,2025,126,ec086c09c8882bb1d0250019bb1fa4b869a7551f3eb21a203329ff1ab5d13b25,56.7119,-3.2119,af444fbf978485752f02f6b2c60b0973747235bbc71a3e4331251a1250826863,Somewhat disagree,Somewhat agree,Somewhat disagree,Somewhat agree,Somewhat disagree,Somewhat agree,Somewhat disagree,Somewhat agree,Somewhat disagree,Somewhat agree,Somewhat agree,Somewhat disagree,2-4 days a month,1-2 rides in a typical day,Never,,,,,
2025,2025,214,232ab341bdf5ceec416d7f4fb379ed3e23d9a71a41e9e1edb2ba05345fefae30,38.961,-74.3552,6b74f0ba4a90e5fb700c9806519f2192ae08ed9fb1b6c568540332fc0f32a96b,Somewhat disagree,Strongly agree,Somewhat disagree,Strongly agree,Somewhat agree,Somewhat agree,Somewhat agree,Somewhat agree,Somewhat disagree,Somewhat agree,Somewhat agree,Somewhat disagree,4-8 days a month,1-2 rides in a typical day,4-8 days a month,1-2 rides in a typical day,,,,
2025,2025,186,ffbbeb51b6e92c0053a0f158fac0b9936f659c322c8dfb2502f4ac23408f3bc1,37.271,-98.032,860b4f42915964f37f735d818db9e76ac1b1e138647cfe1bb7f05f8997d4c114,Somewhat agree,Somewhat agree,Somewhat agree,Somewhat agree,Somewhat agree,Somewhat agree,Somewhat agree,Somewhat agree,Somewhat agree,Somewhat agree,Somewhat agree,Somewhat agree,4-8 days a month,1-2 rides in a typical day,0-1 days a month,5-6 rides in a typical day,,,,
2025,2025,159,f43261fae44b559117a97b8c0f3ea11270d1acd4438c76ac6e95e3703e11bee9,37.190999999999995,-98.302,6bed08570e64a871d7187ded22fee599cf3e8216c0b9b650670a049bb2bfffbe,Somewhat agree,Neither agree nor disagree,Somewhat agree,Somewhat agree,Somewhat agree,Somewhat agree,Somewhat agree,Somewhat agree,Somewhat agree,Neither agree nor disagree,Neither agree nor disagree,Somewhat agree,0-1 days a month,3-4 rides in a typical day,4-8 days a month,5-6 rides in a typical day,,,,
2025,2025,171,bb1248b950aefb0c41a992d648aa4e691e9ddacba74160e96b7f4e8c84f56eac,33.5758,-118.2793,c44eb13c5642daf65d048836bd7bae186ce770aa8508e9f368f3cdc8fe7eb2f8,Strongly disagree,Strongly agree,Somewhat disagree,Strongly agree,Strongly disagree,Strongly agree,Strongly disagree,Strongly agree,Strongly disagree,Strongly agree,Strongly agree,Strongly disagree,2-4 days a month,3-4 rides in a typical day,4-8 days a month,1-2 rides in a typical day,,,,
2025,2025,71,cb61b69cf9b4a63dfedadeb7be2cc826ecc053a099d2174c3ff555872b8573d6,41.3493,-84.36019999999999,0c2d35c36faca185b01b0e0414f7b7c70ac67c86e6cc05853ddde494d5050954,Strongly disagree,Somewhat agree,Somewhat agree,Somewhat agree,Somewhat agree,Neither agree nor disagree,Somewhat agree,Somewhat disagree,Somewhat agree,Strongly disagree,Somewhat disagree,Somewhat agree,Never,1-2 rides in a typical day,Never,1-2 rides in a typical day,,,,
2025,2025,122,33079d88387fe6b3fa7580f953eb688e340b859d7145e292a91686aa663adf9d,35.6209,-119.991,0a827ae922ec5f7f4102f6656fd65b754305a7f685c763f7671b7efecd52c21c,Somewhat disagree,Somewhat agree,Somewhat disagree,Somewhat agree,Somewhat disagree,Strongly agree,Strongly disagree,Strongly agree,Strongly disagree,Strongly agree,Strongly agree,Strongly disagree,Never,1-2 rides in a typical day,0-1 days a month,1-2 rides in a typical day,,,,
2025,2025,114,40a71b47167613aa95e0c4ab85e48b79aa9ca3a3be69d3b41a6c833cb2d50f28,34.8558,-117.64930000000001,68bbc2f0221553d1ac73d56563e2bdf545ae7b0b4d408e8e386ee6903451b0b6,Somewhat disagree,Somewhat agree,Somewhat disagree,Somewhat agree,Somewhat disagree,Somewhat agree,Neither agree nor disagree,Strongly agree,Somewhat disagree,Strongly agree,Somewhat disagree,Somewhat disagree,2-4 days a month,1-2 rides in a typical day,0-1 days a month,1-2 rides in a typical day,,,,
2025,2025,209,c2fc75cef95a322f416ca6eb7978573da219a438888226582329f7dbe8f9a10f,38.428999999999995,-85.84339999999999,a166139f5ff14c33998e1d4a3e23b9c2a4ca2d1b388195b0621022286f8f9592,Neither agree nor disagree,Somewhat agree,Neither agree nor disagree,Neither agree nor disagree,Somewhat agree,Somewhat disagree,Somewhat agree,Somewhat disagree,Somewhat agree,Somewhat agree,Somewhat agree,Somewhat agree,Never,1-2 rides in a typical day,Never,,,,,
2025,2025,188,81a878e64e9a830e491cadb262907daa8d0a023bf7208b4989c995ca4627fd7a,38.150999999999996,-97.772,0b7da5ccfe616e7f5e67317b7c5d23ca3f2f94012db4fb376dbdbd2236e29875,Strongly disagree,Strongly agree,Strongly disagree,Strongly agree,Strongly disagree,Strongly agree,Strongly disagree,Strongly agree,Somewhat disagree,Somewhat agree,Strongly agree,Strongly disagree,8 or more days a month,3-4 rides in a typical day,4-8 days a month,1-2 rides in a typical day,,,,
2025,2025,221,3147f5bf3d061cbc6636a3872094c4e38c8084b1731d81b036ff59a63b290288,39.2789,-75.74300000000001,ab64b1b40d24ffc3cc3a480914c5dd18bb53ebf76bdc0659dfc874fd9483ea32,Strongly disagree,Strongly agree,Somewhat disagree,Strongly agree,Neither agree nor disagree,Somewhat agree,Neither agree nor disagree,Strongly agree,Somewhat disagree,Strongly agree,Somewhat disagree,Strongly disagree,8 or more days a month,1-2 rides in a typical day,4-8 days a month,1-2 rides in a typical day,,,,
2025,2025,194,452cf97574ff0a43a836c8af297844dc89869712d43a0fca814a58c67798acf3,36.9317,-80.0034,d3c5b8e8974659d201e51e5f17d4679a3aa00884ece815d4ace340a4f7b63b4c,Strongly disagree,Strongly agree,Somewhat disagree,Strongly agree,Neither agree nor disagree,Somewhat agree,Somewhat agree,Strongly agree,Somewhat disagree,Strongly agree,Neither agree nor disagree,Strongly disagree,2-4 days a month,1-2 rides in a typical day,2-4 days a month,1-2 rides in a typical day,,,,
2025,2025,159,051e2f815073ea638b874f7579115154fd25e596a06438516bd0cb5e6497db8f,37.001,-98.33200000000001,a47747a0208a73e7154dfc7b57e72b5b53f385a5472a0f7a1cec5af03e3e839e,Somewhat disagree,Somewhat agree,Somewhat disagree,Strongly agree,Somewhat disagree,Strongly agree,Somewhat disagree,Strongly agree,Strongly disagree,Strongly agree,Strongly agree,Strongly disagree,4-8 days a month,1-2 rides in a typical day,2-4 days a month,1-2 rides in a typical day,,,,
2025,2025,165,18e6b6ff6160cb4d1cb9d594cec52cefec24a59dec43ad8a42ba88b9997bb4ad,37.330999999999996,-97.662,25e4de22c7be07fac1fd5bba45fcca7bcaa19580ba19d2670c747c62ae519595,Strongly agree,Strongly agree,Somewhat disagree,Somewhat agree,Somewhat disagree,Strongly agree,Somewhat disagree,Strongly agree,,Somewhat agree,Somewhat agree,Strongly disagree,4-8 days a month,1-2 rides in a typical day,2-4 days a month,3-4 rides in a typical day,,,,
2025,2025,205,7d763cc7cfe860ebb830bc8a83470ba3deb7d5a5b52510fefb87a81598045b67,40.4439,-73.617,42a8de8ef09691d7100970bdd46304a2f2e92b3b4eb526b617111e5db598f80d,Somewhat disagree,Somewhat agree,Somewhat disagree,Somewhat agree,Somewhat disagree,Strongly agree,Somewhat disagree,Strongly agree,Strongly disagree,Strongly agree,Somewhat agree,Strongly disagree,8 or more days a month,3-4 rides in a typical day,2-4 days a month,1-2 rides in a typical day,,,,
2025,2025,252,685c52a49b60c49bd1dcf3c20c619bd12748a14c326e6af5c4ff01915ca2a59a,39.6669,-77.2103,2487c2a36a5e141bf0a00cffbaf2646423d7ac77e36ae3245bdc91a98630a910,Somewhat disagree,Strongly agree,Somewhat disagree,Somewhat agree,Somewhat agree,Somewhat agree,Somewhat disagree,Neither agree nor disagree,Strongly disagree,Somewhat agree,Somewhat agree,Neither agree nor disagree,8 or more days a month,1-2 rides in a typical day,2-4 days a month,1-2 rides in a typical day,,,,
2025,2025,145,762d2f52e0e091daa1de3d5142e6826ad0962a4afb29b0827b1dc06096e1b9c1,45.5601,-93.8714,9549d86d1c2560ca25a53c08b8ac32666a504292cb346018f908dbf569603d19,Somewhat disagree,Somewhat agree,Somewhat disagree,Somewhat agree,Somewhat disagree,Somewhat agree,Somewhat agree,Somewhat disagree,Somewhat disagree,Somewhat agree,Somewhat disagree,Strongly disagree,Never,1-2 rides in a typical day,Never,1-2 rides in a typical day,,,,
2025,2025,114,6a7b6c43f30c8d6b93f6d50be9c28c6c3326aa90a4e9092d5329869a2f172465,38.391,-98.182,0486238caf742e26b9669e5c8a9723ea90a8abc0a68ddc2024daecf1a9a8a0e1,Neither agree nor disagree,,Neither agree nor disagree,Somewhat agree,Somewhat agree,Somewhat agree,Neither agree nor disagree,Somewhat agree,Somewhat agree,Somewhat agree,Neither agree nor disagree,Somewhat agree,4-8 days a month,1-2 rides in a typical day,2-4 days a month,1-2 rides in a typical day,,,,
2025,2025,184,ce93659faf2d36a642bc6b086d8d832b98246f3e3e55c5bd911d2e22ec1ed404,41.3962,-73.3566,0f3ded842c5efc1b216f93f3e3c21bdf53c0f03eb9d047b682515b559eb2b880,Strongly disagree,Strongly agree,Somewhat disagree,Strongly agree,Neither agree nor disagree,Strongly agree,Somewhat agree,Somewhat agree,Somewhat disagree,Somewhat agree,Somewhat agree,Somewhat disagree,8 or more days a month,3-4 rides in a typical day,4-8 days a month,3-4 rides in a typical day,,,,
2025,2025,143,d390461dcab94b30aaab959fd659ff0ad45c03ba5191ebca3367e4bdd5eb7f06,34.0993,-118.7568,b8b17f3de56950d4fcbf08d353c0139b03d80c7cddc7614f746afeb11d0b7d64,Somewhat agree,Strongly disagree,Strongly agree,Strongly disagree,Somewhat agree,Somewhat disagree,Strongly agree,Strongly disagree,Strongly agree,Strongly disagree,Strongly disagree,Strongly agree,8 or more days a month,1-2 rides in a typical day,4-8 days a month,1-2 rides in a typical day,,,,
2025,2025,217,d0171a9aae26f402bdfcab4e9b04b6deb703bb2ad22e918255a66bdd86454bf0,29.919999999999998,-95.5085,6d6f55dea82199ee328964c762a064a24b41ffcacac1e2e7e9efcf064c9828e0,Somewhat disagree,Strongly agree,Somewhat disagree,Somewhat agree,Strongly disagree,Somewhat agree,Somewhat disagree,Somewhat agree,Strongly disagree,Somewhat agree,Somewhat agree,Strongly disagree,0-1 days a month,1-2 rides in a typical day,0-1 days a month,1-2 rides in a typical day,,,,
2025,2025,146,33928a650efe5db878e0ffcf052da25a9db9d6e69949eba319f3c8abc12e23c4,37.580999999999996,-98.142,1668925157c24af79aa1c6caa81c5a1b6680925be98fd11c7748caffe8d543ce,Strongly disagree,Strongly agree,Strongly disagree,Strongly agree,Strongly disagree,Strongly agree,Strongly disagree,Strongly agree,Strongly disagree,Strongly agree,Strongly agree,Strongly disagree,8 or more days a month,3-4 rides in a typical day,8 or more days a month,1-2 rides in a typical day,,,,
2025,2025,257,e7d57c94eb9a88e0f51df5bb534a509d571ef924d222a31b49f45deed138b219,41.0741,-74.7454,7e7086db3f5d1ba197d73f2b2c422e0a86e1a62847e442adc15dd9382d1cee45,Strongly disagree,Strongly agree,Strongly disagree,Somewhat agree,Somewhat disagree,Somewhat agree,Somewhat disagree,Somewhat agree,Somewhat disagree,Somewhat agree,Somewhat agree,Somewhat disagree,0-1 days a month,1-2 rides in a typical day,4-8 days a month,1-2 rides in a typical day,,,,
2025,2025,112,0e3af6a5f4270b0aca3f7c627338a960f182d9c031de94629571c15ad1a9310f,41.2426,-74.62660000000001,eb5a8b5f7f424965c03f04042c0d95dd152657e2f46a2ffbb4db19b6e61d50a4,Somewhat agree,Somewhat agree,Somewhat agree,Neither agree nor disagree,Somewhat agree,Somewhat agree,Neither agree nor disagree,Somewhat disagree,Neither agree nor disagree,Somewhat agree,Somewhat agree,Neither agree nor disagree,4-8 days a month,3-4 rides in a typical day,4-8 days a month,5-6 rides in a typical day,,,,
2025,2025,178,2a32031b797679c3878b248dc8f883819465a61d3f0abcd9fa7bcd1ecc75ab33,35.774499999999996,-78.3083,ea228ecd4339c847eb4a789b4ac7017a1f574271f75a1a165ee0b9b69abbc3e9,Somewhat disagree,Somewhat agree,Somewhat disagree,Somewhat agree,,Neither agree nor disagree,Somewhat agree,Somewhat agree,Neither agree nor disagree,Neither agree nor disagree,Somewhat disagree,Somewhat disagree,4-8 days a month,7 or more rides in a typical day,8 or more days a month,5-6 rides in a typical day,,,,
2025,2025,217,fedda15ba498d9bb5818ba29d43b0dd63e73e16e636b01993fdea11feb8fd312,37.961,-97.142,7477b12f32a7d864e54bfa31199c969a4a9390eee9204c49de58fc02748839aa,Strongly disagree,Strongly agree,Neither agree nor disagree,Somewhat agree,Neither agree nor disagree,Somewhat agree,Somewhat disagree,Strongly agree,Somewhat disagree,Somewhat agree,Somewhat agree,Strongly disagree,4-8 days a month,1-2 rides in a typical day,4-8 days a month,1-2 rides in a typical day,,,,
2025,2025,185,3b510486c29d67eeff4c4c0502d70c1d359727748226192f0d71e4d093548424,36.951,-98.72200000000001,26ee872a08526d4a2c7861c94834961ae4b8938bd076f5c9641b5174f96efcc5,Strongly disagree,Strongly agree,Strongly disagree,Strongly agree,Strongly disagree,Strongly agree,Strongly disagree,Strongly agree,Strongly disagree,Strongly agree,Strongly agree,Strongly disagree,4-8 days a month,1-2 rides in a typical day,4-8 days a month,1-2 rides in a typical day,,,,
2025,2025,78,67345a6bb82cb529ec241dd613f64e0b9cc3f475d7b17a66d0b45d38b536b713,40.3869,-74.5501,d62ab99472f5e49f89f4828b0ac93493b6f97704769997fc6cb506f7d17681d1,Somewhat agree,Somewhat disagree,Somewhat agree,Somewhat disagree,Somewhat agree,Somewhat disagree,Somewhat agree,Somewhat disagree,Somewhat disagree,Somewhat agree,Somewhat agree,Somewhat disagree,0-1 days a month,1-2 rides in a typical day,0-1 days a month,1-2 rides in a typical day,,,,
2025,2025,264,6da5812b8a26ca6aea2a40a96973b4c8747e96084e732a3506e2454cc5a0695c,37.510999999999996,-98.622,f5d1c0c3178473706df1d182e27fdf291021ebd0df189d4cec689a6f1f26acea,Somewhat disagree,Somewhat agree,Somewhat disagree,Somewhat agree,Somewhat disagree,Somewhat agree,Somewhat disagree,Somewhat agree,Somewhat disagree,Somewhat agree,Somewhat agree,Somewhat disagree,4-8 days a month,1-2 rides in a typical day,4-8 days a month,3-4 rides in a typical day,,,,
2025,2025,57,c3ea37dcb9d59d0e07aa3fb6d4a57f8cd48db4c2c65ee2e97e781256f6f1665f,37.5034,-88.5532,4dd6a3edf9c4583b4846e3a7427d1ca43b0913ebce429eb6c69622085810073e,Somewhat disagree,Somewhat agree,Somewhat disagree,Somewhat agree,Somewhat disagree,Somewhat agree,Somewhat disagree,Strongly agree,Strongly disagree,Strongly agree,Somewhat agree,Strongly disagree,Never,1-2 rides in a typical day,Never,1-2 rides in a typical day,,,,
2025,2025,246,d7097c97a1f5e95bfbbe96b8159883cefa2e6d4cd9b807dc41821bad393d8b2c,42.1686,-73.04310000000001,39a9136943f8a7886af88754707938890f970b883f9549819bf4c3315665c66a,Somewhat disagree,Somewhat agree,Somewhat disagree,Somewhat agree,Neither agree nor disagree,Somewhat agree,Somewhat disagree,Somewhat agree,Somewhat disagree,Somewhat agree,Somewhat agree,Somewhat disagree,8 or more days a month,1-2 rides in a typical day,2-4 days a month,1-2 rides in a typical day,,,,
2025,2025,89,dcb1fb21e94cd48b3ec2cca65b060a68729570b94029af108352f78de3d1f1c0,33.006499999999996,-106.2715,5c07468e2ab3be9ffe8b1ae7df9c8a10e271d7317bb312ee2c96df6a374bc0f6,Strongly disagree,Strongly agree,Strongly disagree,Strongly agree,Strongly disagree,Strongly agree,Strongly disagree,Strongly agree,Strongly disagree,Strongly agree,,Strongly disagree,0-1 days a month,1-2 rides in a typical day,0-1 days a month,1-2 rides in a typical day,,,,
2025,2025,260,e75b079ea6a09a908b0f6303f34b2b718f9bf8e2c5c8bb13816ab8c87adb707c,37.461,-97.672,f4d8d11bda5a57d0186b810457f3f45a8cd9dbb3cb71f927f4f154f0d5632d1a,Strongly disagree,Strongly agree,Somewhat disagree,Somewhat agree,Neither agree nor disagree,Somewhat agree,Somewhat disagree,Somewhat agree,Strongly disagree,Somewhat agree,Neither agree nor disagree,Somewhat disagree,0-1 days a month,1-2 rides in a typical day,2-4 days a month,1-2 rides in a typical day,,,,
2025,2025,265,956dacbba075104fb430f92725f1d93d96c0827535b1a225f238c4c409d7cc22,38.531,-97.312,433b85694c3c4bfb19942e0aadb6062c270ac97349ed36194679af66e02d188a,Strongly disagree,Strongly agree,Strongly disagree,Strongly agree,Strongly disagree,Strongly agree,Strongly disagree,Strongly agree,Strongly disagree,Strongly agree,Strongly agree,Strongly disagree,8 or more days a month,3-4 rides in a typical day,4-8 days a month,1-2 rides in a typical day,,,,
2025,2025,272,ab174f70f22016ca79b15d4fa83f47f06d5fecf07a0c55edad285ae3ccaa7fb1,38.370999999999995,-97.58200000000001,1c934bb5c05cb1694da7159da41e9d326792edfca3556cf1b0018a21c08ff678,Somewhat disagree,Somewhat agree,Somewhat disagree,Somewhat agree,Somewhat disagree,Somewhat agree,Neither agree nor disagree,Somewhat agree,Neither agree nor disagree,Somewhat agree,Neither agree nor disagree,Somewhat disagree,4-8 days a month,1-2 rides in a typical day,8 or more days a month,1-2 rides in a typical day,,,,
2025,2025,293,4c6163d4ddbbadb73fd3e9bf0a6e31dc899db00197beb981701c27aa1c945b51,37.171699999999994,-77.7477,d27032a0ed0d657ba02115d362b2663718d7cad6513481357a8c04fe6fe67dad,Somewhat agree,Somewhat agree,Somewhat agree,Somewhat disagree,Somewhat agree,Somewhat agree,Somewhat disagree,Somewhat disagree,Somewhat disagree,Somewhat agree,Somewhat disagree,Somewhat disagree,2-4 days a month,1-2 rides in a typical day,4-8 days a month,1-2 rides in a typical day,,,,
2025,2025,198,c00b60e3923e41cfbad2cb557cc34d6e0a1e389db47a27a0fcd5f6752a8db1bd,33.793099999999995,-83.6758,ec3fd47dbf258cb35c251773f3cde0870fcfa798317fde221c381998762f9427,Strongly disagree,Strongly agree,Somewhat disagree,Strongly agree,Somewhat disagree,Strongly agree,Somewhat disagree,Somewhat agree,Somewhat agree,Somewhat agree,Strongly agree,Strongly disagree,8 or more days a month,7 or more rides in a typical day,8 or more days a month,5-6 rides in a typical day,,,,
2025,2025,233,fbc035feb73976ac8919e08255c7258757d595af1694e33ca7ece6159002e5c8,37.811,-97.86200000000001,7e07c11381eb8a3eba20e67e3e069a1fe3bb87a8671531b5c4d108660f78943b,Strongly disagree,Strongly agree,Somewhat disagree,Strongly agree,Somewhat disagree,Strongly agree,Somewhat disagree,Strongly agree,Somewhat disagree,Strongly agree,Strongly agree,Strongly disagree,8 or more days a month,1-2 rides in a typical day,8 or more days a month,3-4 rides in a typical day,,,,
2025,2025,246,ed0bec8e01ca29c827002aeb689ab0f4f8ba892317afefbf2e8c7c5cb05ee9a5,41.202600000000004,-73.1966,dd906887a20ca90b810e521efb8f169ac1d5796fbef5c01a408dde0a0f914d24,Neither agree nor disagree,Somewhat agree,Somewhat agree,Somewhat agree,Somewhat agree,Somewhat agree,Somewhat agree,Somewhat agree,Somewhat agree,Somewhat agree,Somewhat agree,Somewhat agree,2-4 days a month,1-2 rides in a typical day,2-4 days a month,1-2 rides in a typical day,,,,
2025,2025,139,377418fd8c456e77609c74b6ec10e601eb4a7b44ca213ad4435681d82e581157,38.091,-96.922,7e1ac38fbbf1d4004e219e08d0de00b86ddc951f6f6f58834e2c7905adce60f3,Strongly disagree,Strongly agree,Somewhat disagree,Strongly agree,Somewhat disagree,Strongly agree,Neither agree nor disagree,Somewhat agree,Somewhat disagree,Somewhat agree,Neither agree nor disagree,Somewhat disagree,4-8 days a month,3-4 rides in a typical day,4-8 days a month,3-4 rides in a typical day,,,,
2025,2025,94,d0bf3a7b8bbc6c8f043e614dfc594971c2925fcac7a8b81591000715601c2d95,38.391,-97.662,e2078bf3c954e9519fb5a096648bdf29381e55d316cf7e5eccc4a13b9a7e8f3a,Somewhat disagree,Strongly agree,Somewhat disagree,Somewhat agree,Neither agree nor disagree,Somewhat agree,Somewhat disagree,Somewhat agree,Somewhat disagree,Somewhat agree,Somewhat agree,Somewhat disagree,4-8 days a month,1-2 rides in a typical day,2-4 days a month,1-2 rides in a typical day,,,,
2025,2025,367,c55cfc5db9f4fb0196dffd21e2cda178d071ff2a3dbbeb577dd4a3cbe17f564c,37.510999999999996,-97.50200000000001,3b1a89a349b24f06bb8d663b74181ba84b2f105ab758867712a62442f317df06,Somewhat agree,Somewhat agree,Neither agree nor disagree,Somewhat agree,Strongly agree,Somewhat disagree,Somewhat agree,Neither agree nor disagree,Neither agree nor disagree,Somewhat agree,Neither agree nor disagree,Somewhat disagree,4-8 days a month,1-2 rides in a typical day,8 or more days a month,1-2 rides in a typical day,,,,
2025,2025,341,90162ed6e6c5e755253490656430dad6f2c569e9a0b69c6555baebfafaafe82d,40.7741,-74.6054,b08df79ff4969c7b8cd08976873f21894166d48581efee96c130746ef5b67a8a,Strongly disagree,Strongly agree,Somewhat disagree,Somewhat agree,Somewhat disagree,Somewhat agree,Somewhat disagree,Somewhat agree,Strongly disagree,Somewhat agree,Somewhat agree,Strongly disagree,2-4 days a month,1-2 rides in a typical day,2-4 days a month,1-2 rides in a typical day,,,,
2025,2025,209,56a591f06ddb3338715e5552f44c1f4908afb989a3fffdfe91734f29fb2286fe,34.8264,-81.41680000000001,dca86c6d5589b4485fe9684e4bc292b3edff6d73507e77fe4f6be803d1431290,Somewhat disagree,Strongly agree,Somewhat disagree,Strongly agree,Somewhat agree,Somewhat agree,Somewhat agree,Somewhat agree,Strongly disagree,Strongly agree,Somewhat disagree,Strongly disagree,8 or more days a month,1-2 rides in a typical day,4-8 days a month,1-2 rides in a typical day,,,,
2025,2025,209,590083b684aab2213d7a9395d647180983651ed1b2badf3bcd7337403ba45e45,34.695800000000006,-118.0793,de5374e38167789ec180c825f27e5e12d0b8f03e8e1bb6bba16371f71a5879b0,Strongly disagree,Strongly agree,Strongly disagree,Strongly agree,Strongly disagree,Strongly agree,Somewhat agree,Strongly agree,Strongly disagree,Strongly agree,Strongly agree,Strongly agree,4-8 days a month,1-2 rides in a typical day,0-1 days a month,1-2 rides in a typical day,,,,
2025,2025,589,44c3f2e2b5bed7c4be3c3c49acd271939e5b294e8eb8ac33013cebbf874b9013,46.8609,-121.68469999999999,202bddf13b57e47519ccc7091a65a025daa8d15f20e211e2cc736632844f3b6c,Somewhat disagree,Somewhat agree,Neither agree nor disagree,Neither agree nor disagree,Neither agree nor disagree,Somewhat agree,Somewhat agree,Somewhat disagree,Somewhat disagree,Somewhat agree,Somewhat disagree,Neither agree nor disagree,8 or more days a month,1-2 rides in a typical day,4-8 days a month,1-2 rides in a typical day,,,,
2025,2025,445,2aa9059e9829c537147718b06b55af98d6d59d618aaec87c848d8481e8c4030c,40.8726,-74.42660000000001,22745e62dc7a649ee1d49a05a53f2f366e7ce0551afb51340496bd088d3a57bb,Somewhat disagree,Somewhat agree,Strongly disagree,Neither agree nor disagree,Somewhat agree,Somewhat agree,Somewhat agree,Somewhat agree,Somewhat disagree,Somewhat agree,Neither agree nor disagree,Somewhat disagree,2-4 days a month,1-2 rides in a typical day,Never,1-2 rides in a typical day,,,,
2025,2025,207,41bb1d328c62f7937a8322de20104ac55f8a2818af94782b93d95b2b24ec0933,37.061,-97.302,0bf4a5b64f16f705af6ef63539257d40c83ca841ae98e786d8cab3a75d066510,Somewhat disagree,Strongly agree,Somewhat disagree,Strongly agree,Somewhat agree,Somewhat agree,Somewhat disagree,Strongly agree,Somewhat disagree,Somewhat agree,Somewhat disagree,Somewhat disagree,8 or more days a month,1-2 rides in a typical day,8 or more days a month,7 or more rides in a typical day,,,,
2025,2025,573,e86f127f6799dfe7e93fabea2c337657df2563a6bd8f3958d4a29596750802bb,41.3699,-74.2191,be50e58a727d0044c244bd159ebad85fd6a362ac924a67e0024fe229b9217366,Strongly disagree,Strongly agree,Strongly disagree,Strongly agree,Strongly disagree,Strongly agree,Somewhat disagree,Strongly agree,Somewhat disagree,Strongly agree,Strongly agree,Strongly agree,4-8 days a month,1-2 rides in a typical day,4-8 days a month,1-2 rides in a typical day,,,,
2025,2025,496,dbac6d8f4c3866c384ca215d19727a45d1a2a985421428ce3785e3e67d8bf823,32.6023,-117.48719999999999,0e98b9447ac83b849168b2582a95ec835ec92738b5d0bc8c5bd647ac0275992c,Somewhat agree,Strongly agree,Somewhat agree,Strongly agree,Somewhat agree,,Neither agree nor disagree,Somewhat agree,Somewhat disagree,Somewhat agree,Somewhat agree,Somewhat agree,0-1 days a month,1-2 rides in a typical day,Never,1-2 rides in a typical day,,,,
2025,2025,261,f00eea29002ee1418b8288632d0ca35ac7baff0ea053823472e75ebadc8d9bb9,37.461,-98.422,5a8c0b02b9d365b11c0f81576b54e778008687be9dc53a571b3b7ba18bd45b00,Somewhat disagree,Somewhat agree,Somewhat disagree,Somewhat agree,Neither agree nor disagree,Somewhat agree,Somewhat disagree,Somewhat agree,Somewhat disagree,Somewhat agree,Somewhat agree,Somewhat disagree,2-4 days a month,3-4 rides in a typical day,2-4 days a month,3-4 rides in a typical day,,,,
2026,2026,-1,12acbda4ed1da891f3d272cd030bbf443858d07db82a5ad0464be87f303987ce,43.2504,-89.1616,,,,,,,,,,,,,,,,,,,,,
2026,2026,35,21517f4c2f5e3afa19a423995488f72c1971a5b465c12fd544e48ac0d17d3c20,41.8483,-87.9817,,Neither agree nor disagree,Neither agree nor disagree,Neither agree nor disagree,Neither agree nor disagree,Neither agree nor disagree,Neither agree nor disagree,Neither agree nor disagree,Neither agree nor disagree,Neither agree nor disagree,Neither agree nor disagree,Neither agree nor disagree,Neither agree nor disagree,2-4 days a month,3-4 rides in a typical day,2-4 days a month,3-4 rides in a typical day,,,,
2026,2026,98,7ae12e01bc021886f55f76c0471ed4eff107ce90c15e52d92699b19f8ca5baa1,43.707300000000004,-90.1194,,Strongly agree,Somewhat disagree,Strongly agree,Somewhat agree,Strongly agree,Strongly disagree,Strongly agree,Strongly disagree,Somewhat agree,Somewhat disagree,Strongly disagree,Strongly agree,8 or more days a month,1-2 rides in a typical day,0-1 days a month,1-2 rides in a typical day,,,,
2026,2026,102,9d086fd605c9443a81702a5665dfce0dd6177fb127dc2b71c5e8d0273b938a61,43.141200000000005,-89.51379999999999,,Somewhat agree,Somewhat disagree,Strongly agree,Somewhat disagree,Somewhat agree,Somewhat disagree,Strongly agree,Strongly disagree,Strongly agree,Somewhat disagree,Strongly disagree,Strongly agree,8 or more days a month,1-2 rides in a typical day,2-4 days a month,1-2 rides in a typical day,,,,
2026,2026,209,7f29086cfc4780ec5a6c4be9167413e6ef8a52be15c21f92e6d36de0a0156f58,43.1057,-88.923,,Neither agree nor disagree,Neither agree nor disagree,Somewhat agree,Neither agree nor disagree,Somewhat agree,Somewhat disagree,Strongly agree,Strongly disagree,Somewhat agree,Neither agree nor disagree,Strongly disagree,Somewhat disagree,Never,1-2 rides in a typical day,0-1 days a month,1-2 rides in a typical day,,, Don't do things you don't want to do.,"I drive myself. I have my own space and freedom, and I can choose my own route and schedule without having to wait. Plus, I really enjoy driving."
2026,2026,258,be08c1d9cd33870842d60d6693705fda63983121551734f03030013ee16c1a2a,42.3625,-89.7791,,Somewhat disagree,Strongly agree,Strongly disagree,Strongly agree,Somewhat disagree,Somewhat agree,Strongly disagree,Somewhat disagree,Strongly disagree,Strongly agree,Strongly agree,Somewhat disagree,Never,,0-1 days a month,1-2 rides in a typical day,Yes,Yes,,
2026,2026,631,78d72ac00bdcfe6c062fde60408e670fca7972020d4cb6b28a8e6be447692516,42.2025,-88.62910000000001,bf4756e1beed3bfe088d35f98ad71514b4763a73f38bf1e9f90b828a229221bf,Somewhat disagree,Strongly agree,Somewhat disagree,Neither agree nor disagree,Somewhat disagree,Somewhat agree,Somewhat disagree,Somewhat agree,Strongly disagree,Somewhat agree,Somewhat agree,Somewhat disagree,Never,1-2 rides in a typical day,0-1 days a month,1-2 rides in a typical day,Yes,Yes,Just remember that they are probably just as nervous as you are and that they are just a person like you. ,I prefer a car to get around because I like driving and it helps me to have the independence I like. If I was in a busy city like Chicago I would prefer a train or uber.
2026,2026,197,4070645cae630b2bdd916ec2a3fe2bdbabb8cbbf5a78a885272efbd50cadeec7,42.8925,-88.9391,bd1ca07886eb83a9dc25ecd6a7b5317f5ba8849bf229965b37482a70aeb09700,Somewhat agree,Somewhat agree,Somewhat disagree,Somewhat agree,Somewhat agree,Somewhat agree,Somewhat disagree,Strongly agree,Strongly disagree,Somewhat agree,Somewhat disagree,Strongly disagree,8 or more days a month,1-2 rides in a typical day,0-1 days a month,1-2 rides in a typical day,Yes,Yes,Just be yourself! No one can blame you for being yourself. ,"I prefer to be able to drive, I like being in control of where I am going. "
2026,2026,313,8398972d3698f7b8e43f754236b08baa5f34f70eea391522052066dc2a2fafea,43.9725,-89.4291,,Somewhat agree,Neither agree nor disagree,Somewhat agree,Somewhat disagree,Somewhat agree,Neither agree nor disagree,Somewhat disagree,Somewhat agree,Strongly disagree,Somewhat agree,Somewhat agree,Neither agree nor disagree,8 or more days a month,1-2 rides in a typical day,2-4 days a month,1-2 rides in a typical day,Yes,Yes,Don’t overthink the conversation. The person you’re talking to isn’t judging you and is just wanting to get to know you.,If you’re trying to get around downtown Madison I would recommend taking the bus/walking. The bus in Madison is pretty reliable and it makes it less of a hassle to find parking. 
2026,2026,2907,93a99db2f77023426bb3810cc2f6e6737c844b9e807aa18dfe1cd527bb7a7c19,43.832499999999996,-88.6591,,Strongly agree,Strongly agree,Somewhat agree,Neither agree nor disagree,Neither agree nor disagree,Neither agree nor disagree,Strongly agree,Neither agree nor disagree,Neither agree nor disagree,Neither agree nor disagree,Neither agree nor disagree,Neither agree nor disagree,2-4 days a month,3-4 rides in a typical day,2-4 days a month,1-2 rides in a typical day,No,No,"I would tell my friend that it's completely normal to feel nervous when meeting new people. They could start with simple conversations, such as asking about hobbies or school, and remember that most people are friendly. The more they practice, the more confident they will become, so they shouldn't be too hard on themselves.","My ideal way to get around my city is by using a combination of the subway and walking. Public transportation is usually fast, affordable, and avoids traffic congestion, while walking allows me to enjoy the surroundings and get some exercise. This combination is convenient, environmentally friendly, and helps me save both time and money."
2026,2026,233,01a3b58bf2604c25dc7bbeff8f2fadf7964a8f73908092d08411850749300f01,43.302499999999995,-89.5691,,Somewhat disagree,Somewhat agree,Neither agree nor disagree,Strongly disagree,Somewhat agree,Somewhat disagree,Strongly agree,Strongly disagree,Somewhat agree,Somewhat disagree,Somewhat disagree,Somewhat disagree,4-8 days a month,1-2 rides in a typical day,0-1 days a month,1-2 rides in a typical day,Yes,Yes,"I would tell them to try and connect to the person with something that the both of you enjoy -- better yet, ask or find out what they enjoy. Makes conversation much easier.",I prefer using the bus in Madison (response differs in every other city) because the city layout was made for pedestrians and buses. Drivers SUCK here.
2026,2026,118,403d3fe613e96a9e650a2bc81fa0a9fe08225d0d3438e36f02b7430b260c2c74,43.3125,-90.0991,,Somewhat agree,Somewhat disagree,Somewhat agree,Neither agree nor disagree,Somewhat agree,Somewhat disagree,Somewhat agree,Somewhat disagree,Neither agree nor disagree,Neither agree nor disagree,Somewhat disagree,Somewhat agree,8 or more days a month,1-2 rides in a typical day,0-1 days a month,1-2 rides in a typical day,No,No,,
2026,2026,342,d462e840e63b069a009359affb73c4800cf83f9f902c51fcf1b5ffb156d511a7,42.872499999999995,-90.2891,,Somewhat disagree,Neither agree nor disagree,Somewhat agree,Somewhat agree,Somewhat agree,Neither agree nor disagree,Somewhat disagree,Somewhat disagree,Somewhat agree,Somewhat agree,Strongly disagree,Somewhat agree,8 or more days a month,7 or more rides in a typical day,0-1 days a month,1-2 rides in a typical day,Yes,No,imagine the audiences are all your friends and they don't care if you make wrong,"WALK! I enjoy walking because it is simple, free, and good for my health. It also gives me a chance to enjoy the fresh air and see interesting places that I might miss if I traveled by car or bus. When the weather is nice, walking helps me relax and reduce stress.
"
2026,2026,352,60e98f8a67171ce05e98fdb87042e3992728cb7ac54eda70300c8ce33d07a21b,42.4925,-88.6591,,Somewhat disagree,Somewhat agree,Somewhat disagree,Somewhat disagree,Somewhat agree,Somewhat agree,Somewhat agree,Somewhat agree,Somewhat agree,Somewhat disagree,Neither agree nor disagree,Somewhat disagree,8 or more days a month,1-2 rides in a typical day,Never,1-2 rides in a typical day,No,No,,
2026,2026,424,9bcbd7078a474cce2c7be78bbbd42bcd6661a7a65f684bee508f86a15b1965d7,42.1825,-88.6191,,Somewhat agree,Somewhat agree,Neither agree nor disagree,Somewhat agree,Somewhat agree,Somewhat disagree,Somewhat disagree,Somewhat disagree,Neither agree nor disagree,Neither agree nor disagree,Somewhat disagree,Somewhat disagree,8 or more days a month,3-4 rides in a typical day,0-1 days a month,1-2 rides in a typical day,Yes,Yes,"I try to find out as many interesting things about them as possible, so I look at each interaction as a chance to find something fascinating. I also remind myself many people do not feel comfortable talking to new people either, so my goal is always to make them as comfortable as possible.","I prefer biking because it's more convenient, faster, and easy to do when the weather is fair. When weather is not very conducive to biking, I prefer the bus to avoid dealing with parking and driving."
2026,2026,600,9fafc0a232991b03921720cd9ad19111e057ba6b97bac952bce520c8168be7fc,41.5583,-87.2217,,Strongly disagree,Neither agree nor disagree,Somewhat disagree,Strongly agree,Neither agree nor disagree,Neither agree nor disagree,Neither agree nor disagree,Somewhat agree,Somewhat disagree,Neither agree nor disagree,Somewhat disagree,Somewhat disagree,8 or more days a month,1-2 rides in a typical day,Never,1-2 rides in a typical day,No,No,Prepare in advance and practice more,"Take the bus, because it's convenient and not expensive"
2026,2026,2400,a56bc594abfd2317747bd49f4badcb0241977f8e033942ccba4755327508e49c,42.7425,-90.1691,,Strongly agree,Somewhat disagree,Somewhat agree,Strongly disagree,Strongly disagree,Somewhat disagree,Strongly agree,Somewhat disagree,Somewhat agree,Somewhat disagree,Strongly disagree,Strongly agree,8 or more days a month,1-2 rides in a typical day,Never,,Yes,No,"I would tell them that if they believe that other people will perceive them as being uninteresting or weird, that other people aren't that concerned with finding out other people's negative qualities, and are just fine with meeting and talking to new people. They should try to have some confidence in order to help other people warm up to them. Confidence does not have to mean extreme extraversion or showboating, just try to act casual and that interacting with new people is normal for you.","I prefer using a car in my hometown. It is largely the most convenient option, since we have a car at home, and I have a driver's license. It is more difficult and complicated to get around my hometown by bus, since I do not know all of the bus routes, and I am not comfortable riding the bus with strangers."
2026,2026,653,6028760d9a2f1e00a30cd0aec1c6e98dbe06e76503e0c88ccec801d2815d195c,42.5605,-89.7223,,Somewhat disagree,Strongly agree,Somewhat disagree,Somewhat agree,Somewhat agree,Somewhat agree,Strongly agree,Somewhat disagree,Somewhat disagree,Somewhat agree,Somewhat agree,Somewhat agree,2-4 days a month,1-2 rides in a typical day,Never,1-2 rides in a typical day,Yes,Yes,To take a second to calm down and to pretend they are talking to a family member or a close friend ,"My preference is by train or bus because it’s more environmentally friendly, it reduces the traffic and is generally faster than driving. "
2026,2026,3235,862caed6bfea62e3d1adae821d3cdbe34c2100d37509c8e6aa31e7254abf2b0d,42.641200000000005,-90.21379999999999,,Somewhat agree,Somewhat disagree,Somewhat agree,Neither agree nor disagree,Somewhat agree,Somewhat disagree,Neither agree nor disagree,Somewhat disagree,Somewhat agree,Somewhat disagree,Somewhat disagree,Somewhat agree,8 or more days a month,1-2 rides in a typical day,0-1 days a month,1-2 rides in a typical day,No,No,"First advice is to take a deep breath, and the second is to remember that our main task is to share useful information, not to be afraid of making mistakes.","I prefer subway. Because it's fast, reliable, and avoids traffic jams."
2026,2026,109,00011d3477d611947cc75f09eaf8eeeb48d37b2165a30e8d3db17df7b9909879,38.8677,-105.7915,0b7b608e95ac791a2e561ebd34498c617e36ed73f4aff1a8e76c2392b5277447,Somewhat agree,Somewhat disagree,Somewhat agree,Somewhat disagree,Strongly agree,Strongly disagree,Strongly agree,Strongly disagree,Strongly agree,Strongly disagree,Strongly disagree,Somewhat agree,0-1 days a month,1-2 rides in a typical day,0-1 days a month,1-2 rides in a typical day,Yes,Yes,I would advise them to treat the new people like a friend they already know.,"Biking is ideal because it is fun, I don't have to waste gas, and I don't need to wait on public transport."
2026,2026,99,25956c966e37c0e16faba7b095fb91859549904dddd22b5b5962b47a33ea0fa0,39.6522,-84.30099999999999,45d70188554e33e9b8f141f040769b3c4f0cfc25febe2cbb4cf137a2e9ca0113,Somewhat disagree,Strongly agree,Somewhat disagree,Neither agree nor disagree,Somewhat disagree,Somewhat agree,Strongly disagree,Neither agree nor disagree,Strongly disagree,Somewhat agree,Somewhat agree,Strongly disagree,2-4 days a month,1-2 rides in a typical day,0-1 days a month,1-2 rides in a typical day,Yes,Yes,I would tell them not that others are nervous too do don't stress too much and just be yourself.,I prefer to drive myself where I need to go since I am the one in control of driving.
2026,2026,110,2f070d5e925a4a523ca84054a1fc50b22a5a3e30f4d98b2013b151d257725ef4,54.2509,-2.1074,01ed97565030e4d13eba2ecba6f408ba9b1d77f47fa2cc7363c45f3f15796020,Strongly disagree,Strongly agree,Somewhat disagree,Strongly agree,Strongly disagree,Strongly agree,Strongly disagree,Strongly agree,Strongly disagree,Strongly agree,Strongly agree,Strongly disagree,4-8 days a month,1-2 rides in a typical day,2-4 days a month,1-2 rides in a typical day,Yes,Yes,"I would say just treat everyone the same. Try not to feel intimidated by them, they are just people, equal to you.","I think it is probably by train, just because I can relax and not have to think about being stuck in traffic or finding somewhere to park. It also puts you in the centre of the city."
2026,2026,116,9220a79d8aa8b11ed0fb43c4d7b616fef85bb8e8cd8b292eae584afdcc7ef137,35.6726,-81.4512,fd2146a6db13b5448283d92be645d200c305eeb1969770462866b704a64a7575,Somewhat agree,Somewhat disagree,Somewhat agree,Somewhat disagree,Somewhat agree,Somewhat disagree,Somewhat agree,Somewhat disagree,Strongly agree,Somewhat disagree,Somewhat disagree,Somewhat agree,Never,1-2 rides in a typical day,Never,1-2 rides in a typical day,Yes,Yes,"Just be yourself and dont worry so much, try and live in the moment. ","I like driving my own car, it feels more convenient and safer. "
2026,2026,132,4c9744a4e8415b9d674700392b453281bce396b453d86b0a482fd1d1abfc6830,51.460699999999996,0.8263,59bf206766decf1eb20587204ac50399cd688aea1260cc6eb0f918790cd1af7b,Neither agree nor disagree,Somewhat agree,Somewhat agree,Neither agree nor disagree,Somewhat agree,Neither agree nor disagree,Somewhat agree,Neither agree nor disagree,Somewhat disagree,Somewhat agree,Neither agree nor disagree,Somewhat disagree,8 or more days a month,3-4 rides in a typical day,0-1 days a month,1-2 rides in a typical day,Yes,No,To treat the new person as someone they already know and that they also feel the same way about being nervous,A hybird of car and public transportation
2026,2026,133,390cef9cf6fa224e5411ee6759c150463aad6ade8b1ce049e65f3cb1aade0b08,36.9962,-80.49249999999999,2132c4e72843f510a097f2fd65a46eae103825791e5693723ff199b5b823d677,Somewhat agree,Neither agree nor disagree,Somewhat agree,Neither agree nor disagree,Strongly agree,Somewhat disagree,Strongly agree,Somewhat disagree,Somewhat disagree,Somewhat disagree,Somewhat disagree,Somewhat agree,0-1 days a month,1-2 rides in a typical day,0-1 days a month,1-2 rides in a typical day,Yes,Yes,"Relax and consider that they may be nervous too. Try to keep it light and easy, generic conversation topics.",I prefer to drive since there is limited public transit and is not walkable.
2026,2026,111,cdce2f4d342127b5a5d7ba93e35ff87b3504ec5543c75a85d8721a9511ffbf25,53.059599999999996,-3.4092000000000002,1e6048b8cb2fd2e0a5c12087943eba1ffa4676d5ec322bfa2489419dc52076a7,Somewhat disagree,Somewhat agree,Somewhat agree,Neither agree nor disagree,Somewhat agree,Neither agree nor disagree,Somewhat agree,Neither agree nor disagree,Somewhat disagree,Neither agree nor disagree,Somewhat disagree,Somewhat disagree,4-8 days a month,1-2 rides in a typical day,2-4 days a month,1-2 rides in a typical day,Yes,Yes,"practice small talk, remember that thoughts are not facts","I've always been a walker and love walking wherever I can, as you get to discover newly opened shops/cafes/restaurants on your usual routes"
2026,2026,129,ceecb514dbd15a58a0c3799e14ff5fc617a72c56929c9fc707db6a06293b4413,43.191900000000004,-79.5265,e6bb6f36c36988d766236dc0290b1fcd6d21fb54d4872706802b1989ed91234a,Neither agree nor disagree,Neither agree nor disagree,Somewhat agree,Somewhat agree,Somewhat agree,Somewhat disagree,Somewhat agree,Somewhat disagree,Neither agree nor disagree,Neither agree nor disagree,Somewhat disagree,Somewhat agree,8 or more days a month,5-6 rides in a typical day,0-1 days a month,1-2 rides in a typical day,Yes,Not Sure,I would tell them that it’s also the new peoples first time talking to them so they are probably nervous too,I like the subway as it gets me where i need 
2026,2026,120,b2b28bf204263d79d4fdcb91d031f8b088ebd1c8ef4afab6648b37cc4b096f71,43.830799999999996,-78.9503,5b283a19c4dc3709e8dcd905f86fb60ecbfaeba073a36fd5a513e96bdc840449,Neither agree nor disagree,Neither agree nor disagree,Somewhat agree,Neither agree nor disagree,Somewhat agree,Neither agree nor disagree,Somewhat agree,Somewhat disagree,Neither agree nor disagree,Neither agree nor disagree,Somewhat disagree,Somewhat agree,4-8 days a month,1-2 rides in a typical day,2-4 days a month,1-2 rides in a typical day,Yes,Yes,Try to understand that everyone feels a bit nervous about new relationships.,"Walking. It's healthy, relaxing, good for the environment."
2026,2026,136,f085161a761aab388d07a962e0d37d29a02907640b21c51b948fc4ed0f660de5,53.158699999999996,-7.6366,9a6fb92d35a4765ddfc9e2b056d69bd5381851997e60bb445dab9237ab164ea6,Strongly agree,Strongly agree,Strongly disagree,Strongly agree,Strongly disagree,Strongly agree,Strongly disagree,Strongly agree,Strongly disagree,Strongly agree,Strongly agree,Strongly disagree,4-8 days a month,1-2 rides in a typical day,Never,1-2 rides in a typical day,Yes,Yes,That there is nothing wrong with that. Everyone is different.,Car is the best option as public transport is poor and not fit for purpose
2026,2026,120,e309395a7c07d9038e8f31d4e8b2c34402ed1942871adde5d903c26c9ca21ef3,42.7755,-80.2404,5a505b34a0db74683762d7eb6a42d436782a7504e2906a1f455c68ec96426651,Strongly disagree,Somewhat agree,Somewhat disagree,Strongly agree,Somewhat disagree,Somewhat agree,Somewhat disagree,Somewhat disagree,Strongly disagree,Somewhat agree,Somewhat agree,Strongly disagree,0-1 days a month,1-2 rides in a typical day,Never,1-2 rides in a typical day,Yes,Yes,"Tell them to take a deep breath, relax, and try to be themselves. Talk about things they care about and are interested about, and take an interest in the other person. ","I would love to have automated cars everywhere similar to taxis. Hop in and be driven to my location, without having to spend the energy driving."
2026,2026,133,8f975dbed2683c1010d7de8ea59eea82c720f7b9d34a59598f1d1a65010e3b03,39.6699,-84.83970000000001,f5a66297007dc67c8321d56e0778fd9da5683c56fce8d5f619c6d0504fd77540,Somewhat disagree,Somewhat agree,Neither agree nor disagree,Neither agree nor disagree,Neither agree nor disagree,Somewhat disagree,Somewhat agree,Somewhat agree,Somewhat disagree,Somewhat agree,Somewhat disagree,Somewhat disagree,Never,3-4 rides in a typical day,Never,1-2 rides in a typical day,Yes,Yes,just pretend that you've known them for a while and have no expectations ,"I prefer to drive my own car in my city now because it is not busy. When I lived on a college campus, I preferred the bus "
2026,2026,117,cc64e97b0b03db1af358d98ce177adccb28521bdc8d08729ce01aa101280e45a,55.624,-3.1784,5651a3644c6d6b9d6ad01d4880b6599e3c7e2b821679f6100eba1a153142b3fe,Somewhat disagree,Somewhat agree,Neither agree nor disagree,Somewhat agree,Somewhat agree,Neither agree nor disagree,Somewhat agree,Somewhat agree,Somewhat disagree,Neither agree nor disagree,Somewhat disagree,Neither agree nor disagree,Never,1-2 rides in a typical day,Never,1-2 rides in a typical day,No,Yes,Relax and remain calm and practice learning to communicate with others more often,Own car is the easiest way to get around the city
2026,2026,123,b9e86a65ba374e1657b4f4b26f2f9f5e4aa207e1106af57860f507270b5eb8c4,42.7806,-80.586,7eeadc2fe43a88ca42bcae1c060c01ea940649834194677d36307aa85e12a7c1,Somewhat disagree,Somewhat agree,Somewhat disagree,Somewhat agree,Neither agree nor disagree,Neither agree nor disagree,Somewhat disagree,Somewhat agree,Somewhat disagree,Neither agree nor disagree,Somewhat agree,Somewhat disagree,8 or more days a month,3-4 rides in a typical day,Never,1-2 rides in a typical day,No,No,"I would tell them to start with small talk to feel more comfortable, or try out some icebreakers. ","I prefer taking the subway over taking the bus or the streetcars, because it's more frequent and quicker, in my opinion. "
2026,2026,118,73494df8ceb552ae48ed3cbb0431b7939cb745376a6452e184c4daff877037b8,26.598100000000002,-79.9148,e5e4aa2160893c19db0f744bd4d5c0b16f613355754865fc64cb74a3ce757e6e,Somewhat disagree,Somewhat agree,Neither agree nor disagree,Somewhat agree,Neither agree nor disagree,Neither agree nor disagree,Somewhat disagree,Somewhat agree,Neither agree nor disagree,Neither agree nor disagree,Somewhat agree,Somewhat disagree,0-1 days a month,1-2 rides in a typical day,0-1 days a month,1-2 rides in a typical day,Yes,Yes,I would suggest that they imagine that they’re talking to a friend or family member and don’t worry about who they’re talking to,"Turn over the best way to get around in my town is either to drive or to take ride shift but when I need to go out of town, I generally take the public computer train"
2026,2026,131,d2799252d07367715aca920843ec50994b23a58c4d6c19d954f17c46b5718c5e,31.8384,-94.3998,601b400556a75119b237646aa088198be8ba185f5a5b3c81c3588416142acd70,Neither agree nor disagree,Somewhat agree,Somewhat disagree,Somewhat agree,Somewhat agree,Somewhat agree,Somewhat disagree,Somewhat agree,Somewhat disagree,Somewhat agree,Somewhat agree,Somewhat disagree,4-8 days a month,1-2 rides in a typical day,2-4 days a month,1-2 rides in a typical day,Yes,Yes,"Take a deep breath, and just be yourself. Say what you feel. it isn't the end of the world.","If it's within walking distance, I'll walk. That way, I don't have to worry about getting stuck in traffic, or parking fees."
2026,2026,142,d2e912295879adf107a654b9b087389f3792c4848a332708938ed0a51185aef3,41.7453,-81.0566,2431de6253439a2a8dd040736a49ecd2bad6ce5b0d1527b7ac8284b7ac40f022,Neither agree nor disagree,Somewhat agree,Somewhat disagree,Neither agree nor disagree,Somewhat disagree,Somewhat agree,Somewhat disagree,Somewhat agree,Somewhat disagree,Somewhat agree,Somewhat agree,Somewhat disagree,4-8 days a month,1-2 rides in a typical day,0-1 days a month,1-2 rides in a typical day,Yes,Yes,To remind yourself that the other person is probably just as nervous of you too.,I would love to live in a place with more reliable and convenient public transit so that I could get rid of my car entirely.
2026,2026,127,b4a984059aa61f029e2b2977062d27dde7daf883ebfd24e5217ed007b1ebd84d,40.7373,-76.73049999999999,521ca46d992001d9dd12507c1225f0d60011522447dff1998de289901dd2320d,Somewhat disagree,Somewhat agree,Somewhat disagree,Somewhat agree,Somewhat disagree,Somewhat agree,Somewhat disagree,Somewhat agree,Somewhat disagree,Somewhat agree,Somewhat agree,Somewhat disagree,Never,1-2 rides in a typical day,Never,1-2 rides in a typical day,Yes,Yes,I would tell them to just practice talking to strangers when you're out shopping and places like that. ,I prefer to drive. Its the quickest and easiest way for me.
2026,2026,152,2bcb6a9e48015ede55e08391b2c5e82899b0806d346f2b59cba893c6e0a2e009,52.378099999999996,0.5922,42be387ad79154b97cafefaaf464ac57dacca6663a0330a3ddb7073ab4d4bdfc,Somewhat disagree,Somewhat agree,Strongly disagree,Somewhat agree,Somewhat disagree,Somewhat agree,Somewhat disagree,Somewhat agree,Strongly disagree,Somewhat agree,Somewhat agree,Somewhat disagree,8 or more days a month,3-4 rides in a typical day,4-8 days a month,1-2 rides in a typical day,Yes,Yes,"I would tell them to take some deep breaths, and make sure they are relaxed before beginning the conversation. I would tell them to pretend like it is somebody they know already, and imagine they are talking to them the whole time, this will hopefully make them feel confident.","I think the best way to get around my city, is a public bus. The public bus allows you to see all the sighs, whilst you are on the trip, and it is also the quickest for me. "
2026,2026,154,ac28a9edba7eb0e343b1a023b030948db5a8a7fe77ea857ef38cdebcafb663db,34.468999999999994,-116.8759,5afc1630f8d98f719050c5da87a28bb1e43c7c9a735e2d28236346006d90b84c,Strongly agree,Strongly disagree,Neither agree nor disagree,Strongly disagree,Neither agree nor disagree,Neither agree nor disagree,Somewhat disagree,Somewhat disagree,Strongly disagree,Strongly agree,Somewhat agree,Strongly disagree,2-4 days a month,3-4 rides in a typical day,0-1 days a month,1-2 rides in a typical day,Yes,Yes,I would tell them you only live once and most people are actually too busy thinking about themselves to be thinking about you.,"I really love to walk where it is walkable. The subway is cool as are the city bike rentals, however, there are not enough bike lanes. These modes are great because they help familiarize you with the city rather than just sitting closed off in a car all the time."
2026,2026,159,456ed78317f982b3a11bdafe38e110d8e03b0f533c18e8ed4139068d8e5b91b6,51.7791,-0.3183,07f5fb1f13ca54c4656dedc37180539cbd5ea3323ec2bd908295fb5b23c478b0,Strongly disagree,Somewhat agree,Somewhat agree,Neither agree nor disagree,Neither agree nor disagree,Somewhat agree,Neither agree nor disagree,Somewhat disagree,Somewhat disagree,Somewhat agree,Somewhat agree,Neither agree nor disagree,2-4 days a month,3-4 rides in a typical day,2-4 days a month,3-4 rides in a typical day,Yes,Yes,I would say to take a deep breath in and exhale. Do that a couple of times to bring tre anxity and stress levels down. Then wait for an opportunity to join the conversation and just get invovled.,"I enjoy walking becasue it allows me to feel and breath the city both the sights and sounds. Also use public transport becasue its quick, easy and cheap."
2026,2026,151,59fcbdad244fbc862dd1bd205b75e3cc38f24cb7873244662df65094b1df28ef,46.076699999999995,-76.2681,825dbdd367e3fe7a25594ec7f6e4a8bbcee2a669076ff9ff5f90ea3bb14eb16d,Somewhat agree,Somewhat agree,Neither agree nor disagree,Somewhat agree,Neither agree nor disagree,Somewhat agree,Somewhat disagree,Somewhat disagree,Somewhat disagree,Somewhat agree,Somewhat agree,Somewhat disagree,4-8 days a month,1-2 rides in a typical day,4-8 days a month,1-2 rides in a typical day,Yes,No,Remind them that they are just talking to other people;  and to try to be themselves. ,Rideshare because it's usually affordable and much safer than my city's transit currently. 
2026,2026,158,592d732faa1d898121f37071a4689001f2482364c1b99431c22f8590ed7fe5de,29.8957,-94.5414,da80c6ab9ad9ac3ae33a1edfd4ca1f2234b28adfaa50c5809b161e6f4e9db2f3,Somewhat agree,Strongly agree,Somewhat disagree,Somewhat agree,Neither agree nor disagree,Strongly agree,Neither agree nor disagree,Somewhat agree,Somewhat disagree,Somewhat agree,Neither agree nor disagree,Neither agree nor disagree,8 or more days a month,5-6 rides in a typical day,8 or more days a month,5-6 rides in a typical day,Yes,Yes,"To relax and not overthink it, since all you want to do is be your own self. ","The ideal way to get around the city is using the bus, since you don't have to fuel your car up and you don't have to check it to make sure it still works in the first place."
2026,2026,157,2804dfb57cc53037b3ee2c56264b37da92c0293899f11879a2bbdd35a145defd,42.5801,-72.0428,1503772a1dc4e9ef4aac2cc0d4e133c6f386270e0dcf9aab23731a81793fd08e,Strongly disagree,Strongly agree,Strongly disagree,Strongly agree,Strongly disagree,Strongly agree,Strongly disagree,Strongly agree,Strongly disagree,Strongly agree,Strongly agree,Strongly disagree,2-4 days a month,1-2 rides in a typical day,2-4 days a month,1-2 rides in a typical day,Yes,Yes,"I would tell them to take deep breaths before a conversation and remember, other people are nervous as well, they are not alone. ",I prefer to drive my car when feasible but I will use public or private transportation when I feel it is a better option. 
2026,2026,187,743078abba2b7fcbecbb93e268df8f0acd773f5c79207a36fb021de5faf0817d,52.1145,-3.9975,3eebe5b3376e12915fe73703356e0637dadaaac3df3ff282b440816b09209668,Somewhat disagree,Somewhat agree,Neither agree nor disagree,Somewhat agree,Somewhat agree,Neither agree nor disagree,Somewhat agree,Somewhat disagree,Neither agree nor disagree,Neither agree nor disagree,Somewhat disagree,Neither agree nor disagree,2-4 days a month,1-2 rides in a typical day,0-1 days a month,1-2 rides in a typical day,Yes,Yes,that they are likely just as nervous and that being nervous wont enhance you in any way so just be you as thats the best you can be,it depends on where im going or doing but likely driving as its quicker and more convenient unless its really busy or i plan on being with friends in which we may enjoy walking
2026,2026,160,f6d2505eac3ecf4f73fda5409dd44f68f6630891b13c2c9f938a454c8ee4a93f,33.951600000000006,-118.0202,3427b7819bdc9a2b33bd933d622d2f83bd873de9a0e6438f57132ada28bd48d3,Somewhat disagree,Strongly disagree,Strongly agree,Somewhat disagree,Strongly agree,Somewhat agree,Strongly agree,Neither agree nor disagree,Strongly agree,Somewhat disagree,Strongly disagree,Strongly agree,4-8 days a month,1-2 rides in a typical day,0-1 days a month,1-2 rides in a typical day,No,Yes,I would tell them to try to be confident in how they feel about themselves and how they speak.,I take public transportation or my boyfriend drives me.
2026,2026,182,7eeb189dfedd387738b49c40ba98c4a045e3abada76f96118d79acd337e88e1a,33.470499999999994,-117.5835,9c877156fed133764fd93ac9c6f5878f744da84538c8e117200a2793b8b5a982,Neither agree nor disagree,Neither agree nor disagree,Somewhat agree,Somewhat disagree,Somewhat agree,Neither agree nor disagree,Somewhat agree,Somewhat disagree,Somewhat agree,Somewhat agree,Somewhat disagree,Somewhat agree,Never,1-2 rides in a typical day,0-1 days a month,1-2 rides in a typical day,Yes,Yes,I would tell them that the other person is also slightly nervous as well and you both probably want to get to know each other in that moment.,"Living in America, my ideal way to get around is unfortunately driving a personal car. We do not have the right infrastructure for proper public transportation. "
2026,2026,188,d2e5f4531722201dcb83da938860fd6695f5606f882e5dac0f98d9210f053c61,44.863,-91.66250000000001,492e95559cabe4d9449360b650f08bafb7a10486536308ce7d5bd5057e8d206c,Strongly disagree,Strongly agree,Strongly disagree,Strongly agree,Strongly disagree,Strongly agree,Strongly disagree,Strongly agree,Strongly disagree,Strongly agree,Strongly agree,Strongly disagree,Never,1-2 rides in a typical day,0-1 days a month,1-2 rides in a typical day,Yes,Yes,"Just remember, we are our own hardest critics and people are generally thinking more about themselves than they are about you.","The ideal way for me to get around my city is to drive because I have a license, it offers me the most flexibility and freedom, and I enjoy driving."
2026,2026,194,331095c1ee195a02a4110d449c89c837c790e1612b8a5a50cfe2de64933ae504,51.8964,-0.7524,552bb67894d190042e297453b66c114ca555c85101cf0fd72646d863eb01ec18,Somewhat agree,Somewhat disagree,Somewhat agree,Somewhat disagree,Somewhat agree,Somewhat disagree,Somewhat agree,Somewhat disagree,Somewhat agree,Somewhat disagree,Somewhat disagree,Neither agree nor disagree,Never,1-2 rides in a typical day,Never,,Yes,Yes,"I would tell
Them not to worry i have that aswell and breathing excersiees can help alot aswell as inhaling lavender oil",Driving becsuse i have my own freedom and dont have to ve next to strangers
2026,2026,143,50ba663b10e800b2d4a8148ded44c56c94c34b42d0a9253c3df291c30def51b5,39.4795,-75.95660000000001,224b97805cddd3ea62349441947e31b97c6c68c8d57451c05fe6f48dd36feac7,Somewhat disagree,Somewhat agree,Somewhat disagree,Neither agree nor disagree,Somewhat agree,Somewhat disagree,Somewhat agree,Somewhat disagree,Neither agree nor disagree,Somewhat agree,Somewhat agree,Somewhat disagree,Never,1-2 rides in a typical day,0-1 days a month,1-2 rides in a typical day,Yes,Yes,"I would tell them not to be, that there is not reason for being nervous. People are people. ","My ideal way to get around the city is by foot. You can see much more. If longer distances, I would choose my own vehicle. "
2026,2026,169,21f2402c6600b7a0dc65ed47c0178d1ee5cb18097d167b46432c8fad4db8687b,53.2659,-1.8428,6510f683db88adaf0c622b7af17b67d5390a2a01670f9790946418a3b960de2f,Neither agree nor disagree,Somewhat agree,Strongly disagree,Somewhat agree,Somewhat disagree,Somewhat agree,Neither agree nor disagree,Somewhat agree,Somewhat disagree,Somewhat agree,Somewhat agree,Somewhat disagree,0-1 days a month,1-2 rides in a typical day,0-1 days a month,1-2 rides in a typical day,Yes,Yes,I'd assuer them of their value and likeability and that they will make a good impression. ,"I would love a very cheap integrated system of tram, train and bus. But, realistically car is the best method currently. "
2026,2026,199,d53cc43bb8faa8cd9fc533e007bd4935bbab34bb576aa4ec120185156f26c5e5,56.1027,-5.1065000000000005,fb7b411a0e83ac6fb85bf20c0e62e0f4d1942343126a2d697631c6c3f394df98,Somewhat agree,Somewhat disagree,Somewhat agree,Somewhat disagree,Somewhat agree,Somewhat disagree,Somewhat agree,Somewhat disagree,Neither agree nor disagree,Somewhat agree,Somewhat disagree,Somewhat agree,2-4 days a month,1-2 rides in a typical day,Never,1-2 rides in a typical day,Yes,Yes,The other person likely won't be thinking as deeply about the interaction as they are.,"I like small walkable places, if a city is larger I like when there are good, reasonably priced parking areas."
2026,2026,182,692345ac174600547f639e5f7b3aa6825e4c0ce98da678ff83de4dc930cceccc,40.5893,-76.46300000000001,e21f07493dd1dcc3623d141df8b718e376a303a6bb6a8932af1e4417297a9942,Strongly agree,Strongly disagree,Strongly agree,Strongly disagree,Strongly agree,Strongly disagree,Strongly agree,Strongly disagree,Strongly agree,Strongly disagree,Strongly disagree,Strongly agree,Never,1-2 rides in a typical day,Never,1-2 rides in a typical day,Yes,Yes,"Remember, the other person is focusing on themselves too instead of judging you.",I prefer driving my own personal car because I can make my own schedule.
2026,2026,151,565363ff25f40922b755af4fb04b38b34f03b8b7154ea5637d74c7e4b73d3246,52.1778,1.0821,a510cba951280429c5ff5bc575a056bfa2cca804f777890bdd6d85cd985d6b9f,Strongly disagree,Strongly agree,Somewhat disagree,Somewhat agree,Somewhat disagree,Neither agree nor disagree,Somewhat disagree,Somewhat agree,Somewhat disagree,Somewhat agree,Somewhat agree,Somewhat disagree,0-1 days a month,1-2 rides in a typical day,Never,1-2 rides in a typical day,Yes,Yes,Relax as much as possible and try not to worry what they think of you. Don’t overthink ,My own car. It’s the ultimate sense of freedom 
2026,2026,118,1b36b51115ac4b87c4d6911b85f2623171acaf4ad8e05f8ce91280bad55e1b0d,41.5871,-73.26089999999999,2fc9545e7ba8b60e7e4eca95f978fb0aa78399e808053c092cd100a9c04d32c5,Somewhat disagree,Strongly agree,Somewhat disagree,Strongly agree,Somewhat agree,Somewhat agree,Somewhat agree,Somewhat agree,Somewhat disagree,Somewhat agree,Somewhat disagree,Somewhat disagree,0-1 days a month,1-2 rides in a typical day,2-4 days a month,1-2 rides in a typical day,No,Yes,Just go with the flow and act natural.,Walking or taking an uber.  Driving in the city is too much of a hassle.  If you don't have to go far walk.  If you have far to go take a can or an uber.
2026,2026,189,a4d218b189cae7641319cd3117a73c38765ced23ddd53ded108d43854c445a9c,42.838899999999995,-80.40020000000001,c011fa7a1c3ad51f1715a364f23b83fe587648f7e6b10b83ca8366383f48817b,Somewhat agree,Somewhat agree,Somewhat disagree,Neither agree nor disagree,Somewhat agree,Somewhat disagree,Somewhat agree,Somewhat agree,Somewhat disagree,Somewhat disagree,Somewhat disagree,Neither agree nor disagree,0-1 days a month,1-2 rides in a typical day,Never,1-2 rides in a typical day,Yes,Yes,Focus on questions about the other person. People love to talk about themselves so it makes it easier and all you have to do is listen.,My ideal way is my own car. It's faster and more convenient. 
2026,2026,189,b80e33cb4e48cc4f156c9a3c37838e8a366eaf825478d48f80f123c55fd27113,37.257999999999996,-121.9876,c62120db8ae116bbe9e85ea5dc1ae522757e9fdfd7cff144763d0b857de968ce,Somewhat agree,Somewhat agree,Somewhat agree,Neither agree nor disagree,Somewhat agree,Somewhat disagree,Somewhat disagree,Somewhat disagree,Somewhat disagree,Somewhat agree,Somewhat agree,Somewhat disagree,0-1 days a month,3-4 rides in a typical day,2-4 days a month,3-4 rides in a typical day,Yes,Yes,Just breath and be yourself. Listen to what others are saying and speak when it seems like a good chance,Drive myself that way I am in control.
2026,2026,127,5746b62607ff6aadf7d6db85ddaa0c92a5cbfd5ca9cb03d39af9a227de83139d,37.5637,-77.4502,9a0ceca8a9f30fe906cd4ab97ddb01effcd8f777ccc65f7d8d47fc390980799b,Somewhat disagree,Somewhat agree,Somewhat disagree,Somewhat agree,Somewhat disagree,Somewhat agree,Somewhat disagree,Somewhat agree,Somewhat disagree,Somewhat agree,Somewhat agree,Somewhat disagree,2-4 days a month,1-2 rides in a typical day,0-1 days a month,1-2 rides in a typical day,Yes,Yes,i would tell them to just take it easy and that everyone feels that way sometimes,my preferred way of transit is my electric bike for shorter commutes and my car for all day excursions. if im out of town ill use rideshare or uber for the convenience so i can lend my vehicle while im gone 
2026,2026,217,5828d7a07d0e56a4b0beddfa3ace585835ce9dbd831a750f685e95d1581d4da1,52.673,0.41120000000000007,d65f865744801e9eeff43f199b7bd2fb93f8ccbbdee4767194ce570489a32e03,Neither agree nor disagree,Neither agree nor disagree,Somewhat agree,Neither agree nor disagree,Somewhat agree,Neither agree nor disagree,Neither agree nor disagree,Neither agree nor disagree,Neither agree nor disagree,Neither agree nor disagree,Neither agree nor disagree,Somewhat agree,0-1 days a month,1-2 rides in a typical day,Never,1-2 rides in a typical day,Yes,Yes,"I would tell them to just be themselves and relax,,,the other people are probably a bit nervous too!",By car because there is no public transport available where I live!
2026,2026,204,a10f09fcdc6f9771305ec81562134b46bf41eac4dc39d9952545ea1f1bd84db6,52.056400000000004,-0.1424,ba5a07538964cca5db14208b6d3a24e9cb0a1d5c04256021e270169f603810df,Strongly agree,Somewhat disagree,Neither agree nor disagree,Strongly disagree,Neither agree nor disagree,Neither agree nor disagree,Neither agree nor disagree,Somewhat agree,Neither agree nor disagree,Neither agree nor disagree,Somewhat disagree,Neither agree nor disagree,2-4 days a month,1-2 rides in a typical day,Never,1-2 rides in a typical day,Yes,No,"It would be that it really doesn't matter at all, no one cares about anything really, except themselves. So just go ahead and do what you want to do. ","I like to use trains, they are most convenient. "
2026,2026,182,b921c30d4e05a1062235826c7491699678ea55f24cd1045461376006c205c094,51.3981,-0.9778,f9b7e8e14886ef076c81618b13cd371f9eab7daba91e4df2b5f2747037ec5aea,Neither agree nor disagree,Neither agree nor disagree,Somewhat disagree,Strongly agree,Somewhat agree,Neither agree nor disagree,Somewhat agree,Neither agree nor disagree,Somewhat disagree,Somewhat agree,Neither agree nor disagree,Somewhat disagree,8 or more days a month,1-2 rides in a typical day,Never,1-2 rides in a typical day,Yes,No,"Ask questions and genuinely be curious. I think it's really easy to be nervous about knowing what you should/shouldn't say to a stranger, if you can take the pressure off yourself and ask other people questions instead it can make things so much easier - and then if you can find something you have in common, it's even easier!","I live in London and I always love using the tube, it gets me from A-B super easily and I know it runs reliably enough. Taking a bus is also quite fun because it means I can see a bit more of the city compared to the underground. Walking is nice too but London is so large sometimes you can't walk where you want to."
2026,2026,179,f14e4a703a1e9a9602bcc1294803805758f47e4b37b67840072e505341fb2e02,44.5133,-88.65639999999999,f04997a2270bea850911b8274f08c945a5dc586f5d0ab454a89efdffc408aeb6,Strongly agree,Strongly disagree,Strongly agree,Strongly disagree,Strongly agree,Somewhat disagree,Strongly agree,Strongly disagree,Strongly agree,Strongly disagree,Strongly disagree,Somewhat agree,Never,,Never,,Yes,Yes,Just do it. It will never get easier if you don't practice.,My ideal way would be able to safely ride electric bikes.
2026,2026,203,c39cff0dba46c70ce5602c5c8ab44beb78dd36ede2b3d8bfc16dfff03a4f49e4,54.68,-6.088,6de01ad713f78e3f71a356e1ddf72747325b0da002f0ae18dd9f59fe8b4c7783,Somewhat disagree,Strongly agree,Neither agree nor disagree,Strongly agree,Strongly disagree,Strongly agree,Strongly disagree,Strongly agree,Strongly disagree,Strongly agree,Strongly agree,Strongly disagree,4-8 days a month,5-6 rides in a typical day,2-4 days a month,1-2 rides in a typical day,Yes,Yes,"Try to remember that everyone gets nervous, but that everyone regardless of status is a human, we all have families and homes and lives outside of our role or status, plus everyone poos. ","I like to walk around my city where I can, I will then use taxis and bus to get quickly from place to place."
2026,2026,163,4fbf53e59fa6f4f7b30525587b7ba8a8376ba485cb2aa331432a6d5259aff403,52.313100000000006,-0.4638,ced5fd157d4c771a0ea7d044ffbb1e09e8b725d0d7ca0d0d3bdd23a857d57db7,Neither agree nor disagree,Somewhat agree,Somewhat agree,Somewhat agree,Neither agree nor disagree,Somewhat disagree,Somewhat agree,Strongly disagree,Neither agree nor disagree,Somewhat agree,Somewhat agree,Somewhat agree,8 or more days a month,1-2 rides in a typical day,2-4 days a month,1-2 rides in a typical day,No,No,relax and imagine they are talking to a group of friends,public transport because its cheap and quick
2026,2026,184,c428175dcdc7037a40c464939915ecfcdc1440f75a13628f2864bbc9e6de5d73,48.7415,-89.1121,f3ab5b993e6b13f7723ae1194c6b9a595206edcde43b1d00ae3f3a2778e3c3d2,Somewhat agree,Somewhat disagree,Strongly agree,Strongly disagree,Strongly agree,Somewhat disagree,Strongly agree,Somewhat disagree,Somewhat agree,Neither agree nor disagree,Strongly disagree,Somewhat agree,Never,1-2 rides in a typical day,Never,1-2 rides in a typical day,Yes,Yes,I wouldnt use the old saying of try to picture everybody naked because that was a distraction.  I'd just say to try and find a moment of conversation with a subject you know you feel good about and knowledgeable and try jumping in there.,I've got a car that's been my main mode of transportation for the last 10 years.  And i've always relied on my own motor for getting around.  I live on the outskirts of town and there's no public transportation that comes anywhere near us and it would be super expensive to take an uber or cab every day
2026,2026,195,d226f2d8e69d3e3959bb9eb0ddb0563fda5dad47ff3b4043e3122099f6618f56,53.419000000000004,-2.0866,4f3f9396f86f2f4f82696e84877f37a55e1b58053ca9c960c088a9c74dfc7f01,Somewhat disagree,Somewhat agree,Somewhat disagree,Somewhat agree,Somewhat disagree,Neither agree nor disagree,Somewhat disagree,Somewhat disagree,Somewhat disagree,Somewhat agree,Somewhat disagree,Somewhat disagree,2-4 days a month,3-4 rides in a typical day,2-4 days a month,1-2 rides in a typical day,Yes,Yes,"I'd tell them to understand that everyone is nervous to a degree, so most people they talk to will be able to empathise with them.","I would normally walk in my town, as it is fairly walkable. It would be the same in the 2 closest cities as well, although I may take the train there for longer distances."
2026,2026,197,96d41652485e4ea35d067efbf11ad82b0a4481e33d260973744deb8fd53a80be,39.2772,-121.502,9ada2b224a90dbb8ae434399155a48d5c721679bd065ae73274847e026ab7267,Strongly agree,Strongly disagree,Strongly agree,Strongly disagree,Strongly agree,Strongly disagree,Somewhat agree,Strongly disagree,Somewhat agree,Somewhat disagree,Strongly disagree,Somewhat agree,Never,1-2 rides in a typical day,Never,1-2 rides in a typical day,Yes,Yes,I would say to be yourself. I think that is thoughtful and meaningful enough. ,Unfortunately I do not know. I am new to my city so I have just been getting around by car. 
2026,2026,186,6ead59878e44896b4937d9391254e2ae77f4ea5bad59d1a39c88f24127aaa024,48.259299999999996,-53.9651,726abe65c68bea0de944771cc7a2a6c099b2c3f93ebfdf152b1ad56104d875ed,Somewhat agree,Somewhat agree,Strongly disagree,Somewhat agree,Strongly disagree,Somewhat agree,Strongly disagree,Somewhat agree,Strongly disagree,Somewhat agree,Somewhat agree,Strongly disagree,4-8 days a month,1-2 rides in a typical day,4-8 days a month,1-2 rides in a typical day,Yes,Yes,Remind them they are just as good as anyone else and tell them they are brave.,Car because my community is very rural
2026,2026,194,c865e34b18aeefe32f38b076983f645c1e099785771eec15170796b079e001e8,36.782500000000006,-115.1289,409b9e7d7f0811e873e77f18d4cda233b77dd1c1162fdb10d011a89fa8649a4f,Somewhat disagree,Strongly agree,Somewhat disagree,Neither agree nor disagree,Somewhat disagree,Somewhat agree,Somewhat disagree,Neither agree nor disagree,Somewhat disagree,Somewhat agree,Somewhat agree,Strongly disagree,2-4 days a month,1-2 rides in a typical day,2-4 days a month,1-2 rides in a typical day,Yes,Yes,"Approach the conversation with curiosity instead of focus, focusing on yourself. To do this ask open-end questions and listen for something you can build on in their response.  It’s also OK to start small as a deep conversation won’t happen right off the bat.","My ideal way to get around the city is to use as much public transportation as possible. Railways and Metro would be my first choice in public transportation followed by buses. If neither of those are available, I would choose to use my own private vehicle."
2026,2026,227,aa2c789c5d2a261fa6eadc929900b308c2fae5c673213b319ddb8fdea722d611,37.1008,-122.8138,824e6158f3fe9ca2d5f5a900c63904b01bc648d6a92dda58f6b1ebd2c38cd08a,Somewhat agree,Somewhat agree,Somewhat agree,Somewhat disagree,Somewhat agree,Somewhat disagree,Somewhat agree,Strongly disagree,Somewhat agree,Somewhat disagree,Somewhat disagree,Somewhat agree,8 or more days a month,3-4 rides in a typical day,2-4 days a month,1-2 rides in a typical day,Yes,No,"i'd tell them to be kind to themselves and think about it as a physical response that is pretty common for people to deal with, and something that can be improved","i love public transportation and take the bus and light rail as my number 1 option, and walk mostly everywhere that i'm able to"
2026,2026,154,80ca8bf1d997747e936dc481ebe5cb74b8c7abb4107044dbc9d252c12ea3ebd1,53.166399999999996,-1.9207,8e831cd00341372c0c7463938a55ad43e811a06864abae07d126dc1a13a2003e,Somewhat disagree,Somewhat agree,Somewhat disagree,Somewhat agree,Somewhat agree,Somewhat agree,Somewhat agree,Somewhat agree,Somewhat agree,Strongly agree,Somewhat disagree,Somewhat disagree,2-4 days a month,1-2 rides in a typical day,Never,,Yes,Yes,Stand up to your fears and gather up the courage to talk to someone. It will improve your people skills in the long run.,"I love to drive around the city in my car as it is just an easy way to travel. You just get in and drive, without, most of the time, worrying about having trouble parking. You may see traffic, but its not too bad in my area."
2026,2026,215,41b6a8831a41e50742f52f1e57618587ddb9dfabe678f2101aa235669a732a66,46.0299,-74.1304,2698ceeea3b488344028f36ddea21d6f10eb7e9f6f52b45b600f3cb73c5a653e,Strongly disagree,Strongly agree,Somewhat disagree,Somewhat agree,Somewhat disagree,Somewhat agree,Somewhat disagree,Somewhat disagree,Strongly disagree,Somewhat agree,Somewhat agree,Somewhat disagree,8 or more days a month,1-2 rides in a typical day,2-4 days a month,1-2 rides in a typical day,Yes,Yes,I would tell them to practice speaking through phone calls or to a camera and remember no one is judging them or trying to make them feel uncomfortable. I think the best way to practice is through exposure. Start small and work your way up. ,"My favorite way to get around the city is either train, or though ride share services. It's more calm and relaxed and easily available where I live."
2026,2026,165,85dfbca225406db031186a919cf7b04531f239c1a0667db01fce320369488efb,40.810900000000004,-73.9353,dfc799ffbe5cf562ec1a2df4311b543069f4f257aa839505340a2b6aa04b9d51,Somewhat disagree,Somewhat agree,Neither agree nor disagree,Somewhat agree,Neither agree nor disagree,Somewhat disagree,Somewhat agree,Somewhat disagree,Neither agree nor disagree,Neither agree nor disagree,Somewhat disagree,Somewhat disagree,4-8 days a month,1-2 rides in a typical day,2-4 days a month,1-2 rides in a typical day,Yes,Yes,Just breath because the other person is probably also not completely comfortable,If a city had good public transportation and a walkable city that would be ideal
2026,2026,216,3039bf5d37e473b17dc0c72ceb491973a3d1c583b88a741052f2f1aa6794e690,52.3664,-0.563,1399df779cf74485248614c2917af8b3625885fff62a644f7120d283bd93832a,Somewhat disagree,Somewhat agree,Somewhat disagree,Somewhat agree,Somewhat disagree,Somewhat agree,Somewhat disagree,Neither agree nor disagree,Somewhat disagree,Somewhat agree,Somewhat agree,Somewhat disagree,4-8 days a month,1-2 rides in a typical day,Never,,Yes,Yes,"I'd tell them that no one is judging you as much as you think they are, they're also just trying to get on with things and not make a fool of themselves ","I like to walk whenever possible as I feel you discover more this way that you wouldn't have otherwise seen. If the distance is too long to walk then i'll use the public transport network for instance the tube in London, the subway in new york etc so it depends on what is available wherever I am at the time but I usually prefer these modes as they don't get stuck in traffic on the roads so it's less likely to suffer delays that then throw off your whole days plan"
2026,2026,199,2c0810c05bdcd8a76d41e0f1469ee4e6e8512600e6258b988b6dbe1333b71fd2,42.302800000000005,-89.4571,b77f43ac9d47e74e193b6ca42953e7bed6ba19e78e26c63af969b3570ee40d79,Neither agree nor disagree,Somewhat agree,Somewhat disagree,Neither agree nor disagree,Somewhat agree,Neither agree nor disagree,Somewhat disagree,Somewhat disagree,Somewhat disagree,Somewhat agree,Somewhat disagree,Neither agree nor disagree,2-4 days a month,1-2 rides in a typical day,4-8 days a month,1-2 rides in a typical day,No,Yes,Remember they are humans too. Take a couple of deep breaths before starting.,Uber is my usual choice. Especially at night. The city isn't safe anymore so walking is rare.
2026,2026,228,536d2d22e919d0e0897c3ddcab8c81ef5502034cbca681e3a9bae7007f23a402,54.83,-5.968,24aec908fc451525c562f3c971195b9b6b62b596a3e9dc18f5531b440898d4ab,Somewhat disagree,Somewhat agree,Somewhat disagree,Somewhat agree,Somewhat disagree,Somewhat agree,Somewhat disagree,Somewhat agree,Somewhat disagree,Somewhat agree,Somewhat agree,Somewhat disagree,4-8 days a month,1-2 rides in a typical day,Never,,Yes,No,That it just takes time to grow in confidence to get rid of the nervousness and too start small with only acquaintances of friends and not full strangers,this really comes down to a city by city basis. There is some cities i don't mind driving around or catching public transport or some cities public transport and getting around is so terrible its worth while just to walk
2026,2026,236,e9429f96dd32aa1a09afed2090948c89eb604d26e687f0942f266ff1b37c2ea3,32.1123,-84.2715,5b63c889cdfa49c22fc68663ef6c7b84e08c9a4af3bd10dbc1807ae9d71838a5,Neither agree nor disagree,Somewhat agree,Neither agree nor disagree,Somewhat agree,Somewhat disagree,Somewhat agree,Neither agree nor disagree,Somewhat disagree,Somewhat disagree,Somewhat agree,Neither agree nor disagree,Somewhat disagree,Never,1-2 rides in a typical day,Never,1-2 rides in a typical day,Yes,Yes,Just take some deep breaths and talk about things you know and are comfortable with,I drive out car. It's easier to get where I want to go and arrive/leave when I want to.
2026,2026,217,1c2abb57bec237da624b0066476f556e03fcacf98cf9f8f3461695875dfa926f,35.2671,-86.4561,688a7c86a1dd4cb7a395ecd05e2c45a2ade60adce8b3ca99c24a2aa67b2bdefe,Somewhat agree,Neither agree nor disagree,Somewhat agree,Neither agree nor disagree,Somewhat agree,Somewhat disagree,Neither agree nor disagree,Strongly disagree,Neither agree nor disagree,Neither agree nor disagree,Neither agree nor disagree,Somewhat agree,Never,1-2 rides in a typical day,Never,1-2 rides in a typical day,Yes,Yes,I totally understand that feeling. I think it’s important to remember that the other person might be feeling just as nervous as you are. Just do your best to be yourself and you will be fine!,Driving yourself is really the only way to get around in my city. There’s isn’t much public transportation available. 
2026,2026,207,f820ebd1bb4c4076c71660b613a8497c79e1ff213a7ef4f1f4561d51f2bbcfec,37.1742,-90.81819999999999,c56a08b32398a2374e9c5e82c2d9dae2a8846b7818616ea7aa1fa0a63065f399,Somewhat agree,Somewhat agree,Somewhat disagree,Somewhat agree,Somewhat disagree,Strongly agree,Somewhat disagree,Somewhat agree,Strongly disagree,Strongly agree,Somewhat agree,Strongly disagree,2-4 days a month,1-2 rides in a typical day,2-4 days a month,1-2 rides in a typical day,Yes,Yes,"I would tell them to imagine that all people, regardless of who they are, are no better than anyone else. The person you are talking to is probably just as nervous as you are, so in that you are already alike.","In my local small town, I drive my own car around, as it's much easier for me. However, when I am in a larger urban area, where traffic is more intense, and parking is limited or expensive, I will use taxis, or ubers."
2026,2026,221,b73db908b0fd4b59805e26cfd72267296b3d548ab7f1bd2ec97708cbe84e60e2,38.0619,-121.0619,5c983274017a8cdedc3d7e32040d89e6d17f0ed582410ecbaf0c1c08aeb9ca3d,Somewhat disagree,Somewhat agree,Somewhat agree,Somewhat agree,Somewhat agree,Somewhat disagree,Strongly agree,Somewhat disagree,Somewhat disagree,Neither agree nor disagree,Somewhat disagree,Somewhat disagree,Never,1-2 rides in a typical day,Never,1-2 rides in a typical day,Yes,Yes,"I would tell them that it's okay to be nervous, that the important thing is to push through that discomfort and communicate anyway. The way we learn and grow as human beings is through exposure to other human beings.","My ideal way to get around my city would be to take public transportation. I strongly believe that we should all be doing the best we can for the environment. Unfortunately, I live in a rural area that doesn't offer much in public transportation, and so I am left with no choice but to drive my own car."
2026,2026,253,43c439544d3eeed00a3010219a68908c36dc0463c0428c1eae6f7e2ce5a0a49d,41.0186,-87.1888,79a7690ded603d7a1fdd9aba77ef07ee3e4ebd7bbb96773783b56a76b4dd5277,Somewhat agree,Neither agree nor disagree,Somewhat agree,Somewhat disagree,Somewhat agree,Neither agree nor disagree,Somewhat disagree,Neither agree nor disagree,Somewhat disagree,Somewhat agree,Neither agree nor disagree,Neither agree nor disagree,4-8 days a month,1-2 rides in a typical day,0-1 days a month,1-2 rides in a typical day,Yes,Yes,"Just take it slow. Try to formulate your thoughts and think before speaking so you won't make a mistake. If you speak without thinking, you could make a wrong first impression and could rub people the wrong way.","My ideal way to get around my city is taking public transportation whether it be the bus or train. Living in Chicago, it's the best form of transportation. We have the CTA which connects to all over the city and neighborhoods outside of it. Arrival times can easily be found on the CTA tracker website, making planning easy."
2026,2026,170,ad658dbdd18a0f90372600d638304decc22c471ab5f2c521e595fc97f7e39dd8,51.2309,0.14440000000000003,cda2d5911c5fefe5d8650ddc6c3015d9dbc7991707a9306522f7c9873605d955,Somewhat agree,Somewhat disagree,Somewhat agree,Somewhat disagree,Somewhat agree,Somewhat disagree,Strongly agree,Strongly disagree,Somewhat agree,Strongly disagree,Strongly disagree,Somewhat agree,4-8 days a month,1-2 rides in a typical day,0-1 days a month,1-2 rides in a typical day,Yes,Yes,"I would tell them to try and relax and not overthink what is being said - do not over compensate for silence either as that makes the situation even harder to manage, be yourself and try not too focus too much on thinking about what to say, let it flow naturally.  ","My ideal way to get around my city is definitely by car, as the public transport within my city is very unreliable and quite busy due to this and living in a busy area."
2026,2026,256,1fa54b09a1f26bf93daa11a44b98b164b33898bc6ace32d9ea237e8e244421ff,50.9184,-4.576,95ed67f67dae85a33b5f68f5e50bf019dffb7409de52a177f0ce4ccebe52e847,Neither agree nor disagree,Somewhat agree,Somewhat agree,Neither agree nor disagree,Somewhat agree,Neither agree nor disagree,Somewhat disagree,Strongly agree,Strongly disagree,Somewhat agree,Neither agree nor disagree,Strongly disagree,8 or more days a month,1-2 rides in a typical day,Never,1-2 rides in a typical day,Yes,Yes,My advice would be to stand talk and act confident. The other individual that you are talking to are more than likely feeling just as nervous as you are. After the conversation gets flowing you will soon feel relaxed. ,"I prefer to use my own vehicle for transportation around my city. We are largely overcrowded and it can be difficult to get onto public transport i.e bus, uber lifts etc. The only negative to driving my own vehicle is that it is not always easy to park due to lack of parking spaces. "
2026,2026,248,1dfee2e893070a20f3c7d4a2902e203a5c0181cec32247429bb25a5621deeab5,39.886900000000004,-76.7103,d1877c807e7cfbd218196d57f1dd184643863d06e6363579390683fd2ae81cc5,Strongly disagree,Strongly agree,Strongly disagree,Strongly agree,Somewhat disagree,Somewhat agree,Strongly disagree,Somewhat agree,Somewhat disagree,Somewhat agree,Strongly agree,Strongly disagree,2-4 days a month,1-2 rides in a typical day,4-8 days a month,1-2 rides in a typical day,Yes,Yes,Hello. That is normal for someone to feel. I think the best way is to start being involved in small group talks and they get bigger with time as your courage grows more and more.,I mostly prefer using rideshare apps. This is because I think they know the city so well than I do.
2026,2026,142,8dc305a3ce1c25a80baf641cd9746aa782e40291d492a329c70233ef64ed540e,38.7159,-85.41,2d4ac125c9c68840a8575bd1668214b40367b4f534f739c84503e268fdd52d5a,Neither agree nor disagree,Neither agree nor disagree,Somewhat disagree,Somewhat agree,Somewhat disagree,Neither agree nor disagree,Somewhat disagree,Somewhat disagree,Neither agree nor disagree,Somewhat agree,Somewhat agree,Somewhat agree,2-4 days a month,1-2 rides in a typical day,2-4 days a month,1-2 rides in a typical day,Yes,Yes,"I would recommend they not put so much pressure on the conversation. If it doesn't go well, you don't likely have to every see that person again. ",I like to walk around my city because it allows me to see the sights and be present in the moment.
2026,2026,243,a148935acbdb03fda04446e0afbfaa3874850475c82fb7fc4b34dc2db75ecab0,54.0266,-114.23429999999999,4c996e124e4b93ec09b007d5e70fe8d5036b517c3009cd610cda7a9c0c982328,Strongly disagree,Strongly agree,Neither agree nor disagree,Strongly agree,Neither agree nor disagree,Somewhat agree,Somewhat agree,Neither agree nor disagree,Somewhat disagree,Somewhat agree,Neither agree nor disagree,Somewhat disagree,8 or more days a month,1-2 rides in a typical day,8 or more days a month,1-2 rides in a typical day,Yes,Yes,"I would say they should just try to imagine the new person as someone that is not a stranger, then the conversation will flow easily",i use google maps because it is tested and trusted
2026,2026,243,5bad127023fc8eaebc1fffcb22ee280e0997ee29b831633f5418d47d1d4ce704,53.3524,-1.8663,f4fa246669e4ceed3cab6495c86cd5552d430f7da0c09f154271de041d62f55d,Neither agree nor disagree,Neither agree nor disagree,Somewhat agree,Neither agree nor disagree,Somewhat agree,Somewhat disagree,Somewhat agree,Somewhat disagree,Somewhat agree,Neither agree nor disagree,Somewhat disagree,Neither agree nor disagree,8 or more days a month,1-2 rides in a typical day,0-1 days a month,1-2 rides in a typical day,Yes,No,Id tell them that refusing to act upon the urge to talk when its the right moment to do so will be something they regret since im talking from experience ,I like using transports strategically so i dont get cramed into a busy bus i like to chose times when their are no pasengers interupting my comfort  in the hurying to their daily routing like going to school or work
2026,2026,268,449703fd085cd712b527d3c26821074757caf1e362db911cb11f019d5eb2345b,41.3856,-73.94109999999999,a08338b44f7708b19fd1f8bb6ef8842b1473b9b189e97f264cb66f7e87caa68c,Strongly agree,Strongly agree,Strongly disagree,Strongly agree,Strongly disagree,Strongly agree,Strongly disagree,Strongly agree,Strongly disagree,Strongly agree,Strongly agree,Strongly disagree,8 or more days a month,3-4 rides in a typical day,2-4 days a month,3-4 rides in a typical day,Yes,Yes,Keep calm and just be yourself everyone is here to make you feel comfortable ,I like to drive my car when getting around the city 
2026,2026,242,548610cc19546c7a407db79ed0584dfd271bde27875c2b94c149a7fd336092dd,33.846,-83.524,d3453828230e10570666932b2c528d8f73ec585747442e2f609697e32a175704,Somewhat disagree,Somewhat agree,Somewhat disagree,Strongly agree,Somewhat agree,Strongly agree,Strongly agree,Somewhat agree,Somewhat disagree,Somewhat agree,Somewhat agree,Somewhat disagree,4-8 days a month,1-2 rides in a typical day,2-4 days a month,1-2 rides in a typical day,Yes,Yes,My friend needs to master courage and air his or her opinions not being scared.,My ideal way to get around the city is when I am driving myself and using google map.
2026,2026,283,4c190029708ab879b36e4521f34425ccd125162361b81654fd2ddada2373d0f5,43.2029,-96.406,28367bc595c10685c5017797915166ee4da391772e4ffb91cff563f21955a25c,Somewhat disagree,Somewhat agree,Somewhat disagree,Somewhat agree,Somewhat disagree,Somewhat agree,Somewhat disagree,Somewhat agree,Somewhat disagree,Somewhat agree,Somewhat agree,Somewhat disagree,4-8 days a month,3-4 rides in a typical day,2-4 days a month,1-2 rides in a typical day,Yes,No,"Keep in mind that you're new to them too, and that they have real no expections of you to be any certain way. It always helps me to imagine I'm coloring on a blank piece of paper when I talk to new people and how much I contribute and what color I use is up to me and comparable to nothing else on the paper.","My ideal way to get around the city is on the public transit. It's more economically sound, I get to just enjoy the view and even meditate and I get anxiety in traffic during rush hours when I'm driving."
2026,2026,258,175608a2cd41970ea8d347546404b9a1c5785c5387506c5a59a98571c8d90d0f,40.0143,-85.1082,745f89352168dab163ec0ac326a2cd7c939e20d2a2d772914acec24c1514ad47,Somewhat agree,Somewhat disagree,Somewhat agree,Neither agree nor disagree,Strongly agree,Somewhat disagree,Somewhat agree,Somewhat disagree,Somewhat disagree,Somewhat agree,Somewhat disagree,Somewhat agree,0-1 days a month,1-2 rides in a typical day,Never,1-2 rides in a typical day,Yes,Yes,I'd tell them to remember that many of the things we're thinking during the conversation are likely not even what others are thinking about them,My ideal way is driving to get around. Unfortunately the public transportation isn't the best so it is easier to drive.
2026,2026,243,ec85e9585fc4e43f334cef870a02643f3ced5d8d02a65b1d1034988ac74a566b,51.248000000000005,-3.8706,35318e96d9b881e070c4e3197b0078f084d77f314e457e48d4a138467510c821,Somewhat disagree,Somewhat agree,Neither agree nor disagree,Somewhat agree,Neither agree nor disagree,Neither agree nor disagree,Neither agree nor disagree,Somewhat agree,Somewhat disagree,Somewhat agree,Neither agree nor disagree,Somewhat disagree,0-1 days a month,1-2 rides in a typical day,Never,1-2 rides in a typical day,Yes,Yes,"Be yourself, they're probably just as nervous meeting you.",Ideally I would like an integrated public transport system.
2026,2026,231,b302bfb457a4b19c862ae3d67ae33f7b361adf9027789217a54f800531e0d145,51.203900000000004,0.804,d6a834baa0974b6ce96253ca7ee18e245fc7faa14a1daf485be3765e590a93da,Somewhat disagree,Somewhat agree,Somewhat disagree,Somewhat agree,Somewhat disagree,Somewhat agree,Somewhat disagree,Somewhat agree,Somewhat disagree,Somewhat agree,Somewhat agree,Somewhat disagree,4-8 days a month,1-2 rides in a typical day,Never,1-2 rides in a typical day,No,No,Just pretend to be bolder than you are. Act like you're confident and that you already know these people like old friends. Fake it till you make it.,"Walking. I can take my time, take my own route and not have to worry about traffic or public transport delays."
2026,2026,264,23319d91e2ad96bada31d79a9a76060bfcda420e2d3317f1cba1913fdf8902a3,45.32599999999999,-65.6198,95589e45838f097214c07c089ccbc4ab8c006c5ff052d1200354c96adfc97a19,Somewhat disagree,Somewhat agree,Somewhat disagree,Somewhat agree,Somewhat disagree,Strongly agree,Strongly disagree,Somewhat agree,Somewhat disagree,Strongly agree,Strongly agree,Strongly disagree,2-4 days a month,1-2 rides in a typical day,2-4 days a month,1-2 rides in a typical day,Yes,Yes,"I would tell them that feeling nervous around new people is very common and doesn't mean anything is wrong with them. Most people are focused on their own thoughts and are usually happy when someone starts a friendly conversation. I will give them the tips i use, help them build their confidence and encourage them.","My ideal way to get around my city is by driving a car. It gives me the freedom to travel whenever I want without depending on bus schedules or waiting for rides. Sometimes i get bored and want to see or meet new people, i take the train, bus or ride. The bus or train also helps me to save."
2026,2026,277,f6d702204203070211c210ca34a43e35ff651ca763871477976be02d790a55e3,54.181200000000004,-2.9425,7e302e00ae17d666575bc5cf542a77f3597bcc9b8647aa3077ce0e248c42b8aa,Somewhat disagree,Somewhat agree,Somewhat disagree,Somewhat agree,Somewhat agree,Somewhat agree,Somewhat disagree,Neither agree nor disagree,Somewhat disagree,Somewhat agree,Somewhat agree,Somewhat disagree,0-1 days a month,1-2 rides in a typical day,0-1 days a month,1-2 rides in a typical day,Yes,Yes,"I would suggest that they consider that old saying, ""Feel the Fear and do it anyway""",Depending on the city really.  If in London I would use the tube
2026,2026,257,0108cbdd587f10b5dbeaef0b196e14651ae3a6531e80e32480593195c6bbb5b4,51.250400000000006,-114.75150000000001,f844b759e28f8984d563890f25ef124b3895c11c66a886cd119d41dd48146356,Somewhat disagree,Somewhat disagree,Somewhat agree,Somewhat disagree,Somewhat agree,Somewhat disagree,Somewhat agree,Somewhat disagree,Somewhat agree,Somewhat disagree,Somewhat disagree,Somewhat agree,0-1 days a month,1-2 rides in a typical day,Never,1-2 rides in a typical day,Yes,Yes,"try not to worry so much about how you're being perceived, chances are the other people are also paying attention to themselves and how they're coming off. They're not looking to judge you",driving myself is ideal because I'm not dependent on anyone else's schedule and I can go where I want when I want to in a short amount of time.
2026,2026,283,006e1682d13ccbf30f250e4009c97e6d9deb5291f186239ec4419c324733d7fe,39.5273,-86.9175,f9f9a78004affb6a32f1cb1195de363286b19c88822b1433b371a65c5ce8f059,Somewhat disagree,Strongly agree,Neither agree nor disagree,Somewhat agree,Somewhat disagree,Somewhat agree,Somewhat disagree,Somewhat agree,Strongly disagree,Strongly agree,Somewhat agree,Strongly disagree,Never,1-2 rides in a typical day,Never,1-2 rides in a typical day,Yes,Yes,Just remind yourself they may be nervous as well. Just be yourself and try to focus on asking questions about them or sticking to whatever the topic is.,"I would prefer to either drive around my city or if it's downtown, then walk around the city. One is healthier and allows you to see everything, driving is faster and more convenient."
2026,2026,280,292115af80efd88c7c68369114fa8404f4debfa1555988bd0d8f994bfa05c756,35.5711,-85.9596,ca7e199d6281489dd6b9675cb7effec47eaceae0834240c687e2a7dbf6063fdc,Somewhat disagree,Somewhat agree,Strongly disagree,Neither agree nor disagree,Strongly disagree,Somewhat agree,Somewhat disagree,Somewhat agree,Strongly disagree,Strongly agree,Neither agree nor disagree,Somewhat disagree,Never,1-2 rides in a typical day,0-1 days a month,1-2 rides in a typical day,Yes,Yes,I would tell them that the only thing that is stopping them is themselves. Ignore how other people are going to perceive you. ,I drive a car and i prefer it because i enjoy being able to be in my own space.
2026,2026,301,d4dbe9527d7da5fd11ad74538e520ed5422d85e1129767508852faaaceda4870,54.042300000000004,-8.830400000000001,21e912ebf7857c343510fd53b5c3fbf79f5ce4b4804d22d7525d783be87a0cec,Strongly agree,Somewhat agree,Somewhat disagree,Strongly agree,Strongly disagree,Somewhat agree,Somewhat disagree,Somewhat agree,Strongly disagree,Somewhat agree,Somewhat agree,Somewhat disagree,2-4 days a month,1-2 rides in a typical day,Never,1-2 rides in a typical day,Yes,Yes,I would suggest that they practice it by talking to new people at work as I feel thats a more easier situation to talking to new people as you don't have to think of a random topic it can just be work related.,I prefer to drive me car as I don't like being in too much traffic while using public transportation.
2026,2026,282,55e77963e9c8c27814f76ef57078d280997f882dd9a846248b07a58525d25fd5,53.772,-2.303,8bf270eafbb0894e4b0c7cbb3c4ad83eaaf59cf0b82ac087702d3c3b78bd3d7c,Strongly agree,Strongly disagree,Strongly agree,Strongly disagree,Strongly agree,Strongly disagree,Strongly agree,Strongly disagree,Strongly agree,Strongly disagree,Somewhat disagree,Somewhat agree,Never,1-2 rides in a typical day,Never,1-2 rides in a typical day,Yes,Yes,To apply CBT techniques and incrementally improve your exposure to increasingly difficult social situations and generally get yourself out there more and go out of your comfort zone and make it a regular thing to speak to new people so that it becomes apart of your routine.,My ideal way is to drive my own car as it feels more like an adventure and freedom fulfilling... although parking can become a problem that is a part of the fun almost for me... driving in a city allows me to get around whenever and wherever I want in my own comfortable space and it almost feels like an extension of home.
2026,2026,302,6433765bc247d66b5792b90829e2965c83cfcffd01afbc4618fa2b83d3554a13,38.300999999999995,-97.042,2bc2ff887a983471845d3d81ac8964e332a97099ecae176666c0ee714e2e35a6,Strongly disagree,Strongly agree,Strongly disagree,Strongly agree,Somewhat disagree,Strongly agree,Somewhat disagree,Strongly agree,Strongly disagree,Strongly agree,Strongly agree,Strongly disagree,2-4 days a month,3-4 rides in a typical day,4-8 days a month,3-4 rides in a typical day,Yes,Yes,"i would advice them to start with people around them, like maybe introduce them to my friends and see how it goes ","i prefer driving myself, it is convenient with every stop i need and also incase i have luggage"
2026,2026,270,559c50561b6e7ffd38809fe2c20bb5a35b100912faa2989ed4939f311fe47d95,40.0288,-80.5551,9e0bf9191866736d9b6bc34a5502ded842e89530ce36fcdae1535b77bed9ee2e,Somewhat disagree,Somewhat agree,Somewhat agree,Somewhat agree,Somewhat agree,Somewhat disagree,Somewhat agree,Neither agree nor disagree,Strongly disagree,Somewhat disagree,Somewhat disagree,Somewhat disagree,2-4 days a month,1-2 rides in a typical day,2-4 days a month,1-2 rides in a typical day,Yes,Yes,"Everyone is their own person having their own experience. Getting to know each other and having genuine human interaction is what being alive is all about! Even if you're nervous, it's ok! Someone else might be nervous, too! Once you get talking, it'll get easier and you'll learn more about other people and about yourself during the experience. ",My car because it's my own and I can turn the A/C and seat heaters up and play my own music. 
2026,2026,291,65c5731910cde2719b64d083c196c4c3f125245fee8c6fe38f1c004be47b4bbe,44.479000000000006,-78.8357,5db6bc6e5109e296d47c1254d3693d0269a21bb64359f25b9013517834d551ad,Strongly disagree,Strongly agree,Strongly disagree,Strongly agree,Strongly disagree,Strongly agree,Strongly disagree,Strongly agree,Strongly disagree,Strongly agree,Somewhat agree,Strongly disagree,8 or more days a month,3-4 rides in a typical day,8 or more days a month,5-6 rides in a typical day,Yes,Yes,STAY CALM AND RELA AS EVEYTHING DOES NOT REQUIRE PRESSURE AND ANXIETY TO ACHIEVE,I LOVE TO GO BY BUS OR TRAIN BECAUSE ITS AORDABLE AND SIMPLE
2026,2026,277,5ad07b7c41366dfcd8489ab35dc95696bc36fb22716f5e035a4c7a4c78d0dcd4,45.428799999999995,-123.5321,b39e5f78e728ac5bd37a3fb4750263535cc7befc0a7cb71fda2bbf52e851ad48,Somewhat agree,Somewhat disagree,Strongly agree,Somewhat disagree,Strongly agree,Somewhat disagree,Somewhat agree,Somewhat disagree,Somewhat agree,Somewhat disagree,Somewhat disagree,Somewhat agree,0-1 days a month,1-2 rides in a typical day,0-1 days a month,1-2 rides in a typical day,Yes,Yes,"Just ask them questions about themselves, and listen to what they're actually saying, and ask follow-ups; people love talking about themselves and the longer they're talking, the less you have to talk.","When I was living in NYC for several years, I LOVED taking the subway. I've since moved to another city with less robust public transportation offerings, BUT the city is also much smaller and I can get to nearly everything I need by foot. Otherwise, I'll take a bus if my destination is off a bus line, or if it's not or it's a weird time of day and there are no bus lines, I'll take a Lyft as my least preferred method."
2026,2026,290,17de1d679f800833555cf9c904ee037e9b48474fdea37587bfa8c974f49e4d58,50.9681,-4.7623999999999995,3930f2834318026ee6c78f6f37a83fcee45b5c9cd0d56e9b3787737169f3cc64,Somewhat agree,Somewhat disagree,Somewhat agree,Somewhat disagree,Somewhat agree,Somewhat disagree,Somewhat disagree,Somewhat disagree,Somewhat disagree,Somewhat agree,Neither agree nor disagree,Somewhat agree,Never,1-2 rides in a typical day,Never,1-2 rides in a typical day,Yes,Yes,To be yourself and feel confident with your opinion. Come across as friendly and hopefully the other person will feel more at ease which should make for a more relaxed conversation.,By car. We live in a rural area so not difficult to park or cope with the traffic. Buses are not very frequent and don't run late into the evenings.
2026,2026,280,51f8dcb45e3c5bc15546936cc39017c0c62fb3602054ee588dd3bef8c86aa423,51.7272,-1.5873,d1e0cd23c596f966495ec206e2fce6c640b8c128f169b56f837ef6921420f077,Strongly agree,Somewhat disagree,Somewhat agree,Somewhat disagree,Somewhat agree,Strongly disagree,,Strongly disagree,Somewhat agree,Somewhat disagree,Somewhat disagree,Somewhat agree,Never,1-2 rides in a typical day,Never,1-2 rides in a typical day,Yes,Yes,"I'd say that I feel the same. I remember someone telling me that if you feel uncomfortable witha person, imagine them sitting in their underwear.","If it's my own town, I prefer to walk there. If I'm going further afield, I much prefer to take the train than drive myself."
2026,2026,274,207d9ff27de93d3f02ff1506835bb5e47a865fc32a09a5828a4fbfd1c96f5fff,48.2022,3.7642,88e271cadaeae900779984cbe96fac749c1d624d58c222819024cedd0e6b711c,Strongly agree,Strongly disagree,Strongly agree,Strongly disagree,Strongly agree,Strongly disagree,Strongly agree,Somewhat disagree,Somewhat agree,Somewhat disagree,Strongly disagree,Somewhat agree,2-4 days a month,3-4 rides in a typical day,Never,1-2 rides in a typical day,No,Yes,"As a nervous person myself, it is very difficult to become less nervous. However, taking deep breaths, closing my eyes for a bit and « rehearsing » the upcoming conversation helps a little.","My ideal ways to get around my city are ways that don’t involve interacting with strangers. Going out with my parents by car, or alone, walking, bikin; these are my ideal ways."
2026,2026,310,982c0b4f95c6daf7f444fd2e71041b77d752212be707a5af8389d7514d0b20ac,29.405900000000003,-93.13850000000001,0249e61e3a173da6ac2e5417f91dd474d39bec678466a100bb57fde389020a6b,Neither agree nor disagree,Somewhat disagree,Somewhat agree,Somewhat disagree,Somewhat agree,Somewhat disagree,Somewhat agree,Somewhat disagree,Somewhat agree,Somewhat disagree,Somewhat disagree,Neither agree nor disagree,Never,1-2 rides in a typical day,Never,1-2 rides in a typical day,Yes,Yes,"I get it, but the worst-case scenario isn't that bad. Speak when you have something to say, and be quiet when you're not feeling it.","I like to drive. I usually have a mental plan of how I want to do things, and driving lets me be in control. Not to mention that I've never been on any public transportation, not even a school bus."
2026,2026,287,37155b8c484e387e058043dd1ff674bf854a6efb004dc045740d57eddb20041c,51.470400000000005,0.4046,ed78560f3bfe4e3c285aff4252357ccbdf78cc683e334af8b0f926f190d1ddca,Somewhat disagree,Strongly agree,Somewhat disagree,Strongly agree,Strongly disagree,Strongly agree,Neither agree nor disagree,Somewhat agree,Somewhat disagree,Somewhat agree,Neither agree nor disagree,Somewhat disagree,Never,1-2 rides in a typical day,Never,1-2 rides in a typical day,No,No,To remember that the other individual probably feels nervous too. We have feelings to support and guide us. If they are nervous that is because it is important to them. So they should lean into that feeling and use it to their advantage. ,I prefer to walk. I am very lucky that I live local to my city centre and I have some fantastic woods and walks. I walk to work which I love. 
2026,2026,311,9584c59595c10546e5fa1f36a3774045a5f0a6d9a9392f23d34f3f52bd81562d,39.5259,-90.7778,2834e540961043a0d0aa22f0c7156d20e977eb35ef6e33bbbae534115d72cf4c,Somewhat disagree,Somewhat agree,Strongly disagree,Somewhat agree,Somewhat disagree,Somewhat agree,Somewhat agree,Somewhat agree,Strongly disagree,Strongly agree,Somewhat agree,Strongly disagree,Never,1-2 rides in a typical day,Never,1-2 rides in a typical day,Yes,Yes,I'd advise them to ask new people questions to learn more about them. People generally like to talk about themselves. That would take the pressure off of yourself and make you an interesting conversationalist. ,"I prefer to drive myself around my city. That way, no one can complain about my driving, which is less than ideal. "
2026,2026,324,83b4718f2d1f8bcd6e82b3c3169080c64d3daaac86d7842c625c9044dc035d8f,39.838,-74.34259999999999,5f010025a6a64bd5ca93b493dcf7106bb485dbdba82367e3af21ffe3425dce14,Neither agree nor disagree,Strongly agree,Strongly disagree,Neither agree nor disagree,Strongly disagree,Strongly agree,Strongly disagree,Strongly agree,Strongly disagree,Strongly agree,Strongly agree,Strongly disagree,Never,1-2 rides in a typical day,8 or more days a month,1-2 rides in a typical day,Yes,Yes,"Let them know that most people feel like this. To overcome this, they should start off with small, low pressure interactions. ",Using my car is the best way to get around my city. I follow my own schedule and do not have to up with people. 
2026,2026,342,725618b998d746cbbf9a73016fb53141c9a823beb84a2290d16041f71a98d679,27.839100000000002,-82.39450000000001,e0d1460f395fcd75a8fc7c195f0d6b86eed8f127c39c90034b0748bcd7bfe8dd,Neither agree nor disagree,Somewhat agree,Somewhat disagree,Neither agree nor disagree,Neither agree nor disagree,Somewhat agree,Neither agree nor disagree,Neither agree nor disagree,Somewhat disagree,Somewhat agree,Neither agree nor disagree,Somewhat disagree,Never,1-2 rides in a typical day,Never,1-2 rides in a typical day,Yes,Yes,"I would say, for one thing, keep it simple.  To start from a secure place is helpful, and by keeping it simple, your nervousness can be assuaged to a degree.  ",My ideal way is to use my own car because it provides the flexibility I need when traveling in and around my city.  
2026,2026,315,e877a123e378a463399aad25e2591a9ce93e916bbf211398cb2192ad830a96c2,31.896499999999996,-117.548,2c3641480e52d69b7a467cc56ebe7bfa0d373c2705995ea09320f9019b939338,Neither agree nor disagree,Somewhat agree,Neither agree nor disagree,Neither agree nor disagree,Somewhat disagree,Somewhat agree,Somewhat disagree,Neither agree nor disagree,Somewhat disagree,Somewhat agree,Somewhat agree,Neither agree nor disagree,0-1 days a month,1-2 rides in a typical day,0-1 days a month,1-2 rides in a typical day,Yes,Yes,"I would tell them that public speaking is like a muscle. The more you do it, the easier it becomes.",I prefer to drive a vehicle by myself. I'm an introvert and I prefer to be alone. I don't like to be driven around when I can do it myself.
2026,2026,323,e8661bb2ebaa80f7fc9f00267884ff9c309eba56e0f6bcf00e9fa5a84be5fe20,52.8245,0.1183,6f9e371b4c6344b508682fe9372a27453abe9dffde0b9aa6a603d539ff78271e,Somewhat agree,Somewhat disagree,Somewhat agree,Somewhat disagree,Somewhat agree,Somewhat disagree,Somewhat agree,Somewhat disagree,Somewhat disagree,Somewhat agree,Somewhat disagree,Neither agree nor disagree,0-1 days a month,1-2 rides in a typical day,Never,1-2 rides in a typical day,No,Yes,"I would say they might also be nervous, but it's important to speak to new people because you can learn something from them, or they could brighten your day. I would say that it is ok and normal to be nervous, but talk to them regardless.",I would prefer to get a lift with my family or friends because I have health issues that make it difficult to use public transport and the car is more comfortable for me. I also get nervous using public transportation by myself.
2026,2026,363,afa0020d3fb2709366cb6187b10f287f8c54ebb76c37cf7996a341dd81ca4049,51.4386,1.1985000000000001,c4ed2a666807390541e3063ad6b6757a7308edb39efb3af0db88b611cd1ea83a,Somewhat disagree,Somewhat agree,Somewhat disagree,Somewhat agree,Neither agree nor disagree,Somewhat agree,Somewhat disagree,Neither agree nor disagree,Strongly disagree,Strongly agree,Somewhat disagree,Strongly disagree,8 or more days a month,1-2 rides in a typical day,2-4 days a month,1-2 rides in a typical day,Yes,No,"I would advise them to just take a deep breath before engaging, and then just have a few questions already thought of to ask the other person. This is a good way to keep engaged in the conversation and get to know new people without having to speak too much yourself. I would also remind them that the other person could be just as nervous, and to not put too much pressure on yourself. The majority of people are easy to get along with and will accept you for who you are. ","The best way to get around the city closest to me is by bus, they have routes to just about everywhere in town that you would need to go, andthe buses are also quite frequent, running every 15-25 minutes so you never have to wait too long. I prefer it personally also as the journeys are capped at £3 so its much cheaper than getting a taxi, and also they have an app where you can live track the buses and also pay for your ticket on it which makes it so easy."
2026,2026,336,668348122b8a4d95495b0f35fce426f2a60be9a34e55c98fbcc296f08e84f587,39.914699999999996,-83.99080000000001,9c9613153824c9fc13a20cf38e7c5d900e529f9c0ff61588afec464a4d9bb7ed,Somewhat disagree,Somewhat agree,Strongly disagree,Strongly agree,Strongly disagree,Somewhat agree,Somewhat disagree,Somewhat disagree,Somewhat disagree,Strongly agree,Somewhat agree,Somewhat disagree,0-1 days a month,1-2 rides in a typical day,2-4 days a month,1-2 rides in a typical day,Yes,Yes,I would tell them to try to fake confidence. It's ok to not respond to everything. Shift a conversation towards a topic you feel comfortable with or inject small talk in to break the silence.,I use drive services more and more as someone who works remotely. A car is the only effective way to get around most places here. I also enjoy riding a bicycle but it's not practical for most places so car/driver services like Uber are the best.
2026,2026,349,f882d2269539a1120f4d1df8a45eec5362a95783af0c1782ce3e6402feaf2972,54.1717,-1.7876,73ae97946a24e490dcda3d2354997dc0d9c2845cf52b2982a5bc12d453b3cdc7,Strongly disagree,Strongly agree,Strongly disagree,Strongly agree,Strongly disagree,Strongly agree,Strongly disagree,Strongly agree,Strongly disagree,Strongly agree,Strongly agree,Strongly disagree,8 or more days a month,1-2 rides in a typical day,2-4 days a month,1-2 rides in a typical day,Yes,Yes,"i would say there is nothing to be worried about as everyone feels like this when meeting new, just be yourself speak to them and see where it goes. i would also say try not to appear nervous and be confident in how you carry yourself and speak as people pick up on this.","i prefer getting around my city by car as not all areas are covered by public transport and some really good nature spots on the outskirts can only be accessed by driving, i also prefer it as it it the fastest and cheapest method in my opinion"
2026,2026,334,f98e5ecb9f8f2e1b3da208665662de2e9455b9ea3031de2338ac52d0b1dca33c,42.5871,-83.8446,eb3fb8ec6b1b1d4188b8311ad1b26ab7b1059c5e1f7200b2bad3857aaa6bc319,Strongly disagree,Strongly agree,Strongly disagree,Strongly agree,Strongly disagree,Strongly agree,Strongly disagree,Strongly agree,Strongly disagree,Strongly agree,Strongly agree,Strongly disagree,2-4 days a month,1-2 rides in a typical day,2-4 days a month,1-2 rides in a typical day,Yes,Yes,I’ll tell them that it’s ok to be nervous. A lot of people get nervous too that does not mean anything is wrong with you. Just try and stay calm and take a deep breath.,I prefer driving around my city because it’s more convenient and I can make multiple stops.
2026,2026,366,c49246c7a69aea99f345844e725aee7c38023f6580e8ce2ded33091c150c5dce,38.1901,-97.74040000000001,4e8344dc173b5b2cb43965d938d7c40cdab36337a287acae508bb41b28d6db27,Somewhat disagree,Somewhat agree,Somewhat disagree,Somewhat agree,Somewhat disagree,Strongly agree,Somewhat disagree,Neither agree nor disagree,Strongly disagree,Strongly agree,Somewhat agree,Strongly disagree,Never,1-2 rides in a typical day,Never,1-2 rides in a typical day,Yes,Yes,try to breathe and relax and at the very least smile and nod and engage and slowly move into the conversation in a way that's comfortable for you.,my own vehicle as i can go where I want and take the route I want 
2026,2026,331,732b6e5191dc9eeeab17347cf05616edf85d1ec56dfccf9faea5ddbd32b06c7c,42.6653,-111.2522,357c136523f551999dd92e64319e6802df36065161bb18d2772ae3678905bb0f,Strongly agree,Strongly disagree,Strongly agree,Strongly disagree,Strongly agree,Strongly disagree,Somewhat agree,Somewhat disagree,Somewhat agree,Somewhat disagree,Somewhat disagree,Somewhat agree,Never,1-2 rides in a typical day,Never,1-2 rides in a typical day,Yes,Yes,"I would tell them they can do what I do and just avoid new people. If no choice then just do your best. Remember, they probably don't want to talk to you, either.","Being in a small city, the best way for me to get around in in my own vehicle. It is convenient."
2026,2026,276,d140b0805fa01f2e3d3b4cb7e80695f1decc62c38ce399f77bd2c3170367a8e7,55.239999999999995,-5.868,2828945aea524a25580d7edb649a259cb519addf15fac1da06e5a334aebf3904,Somewhat disagree,Somewhat agree,Somewhat agree,Somewhat disagree,Strongly agree,Somewhat disagree,Somewhat agree,Somewhat disagree,Somewhat disagree,Somewhat agree,Somewhat agree,Somewhat disagree,8 or more days a month,1-2 rides in a typical day,0-1 days a month,1-2 rides in a typical day,Yes,Yes,"Just take deep breaths and speak to them as if they were one of your friends, don't think about what they're thinking too much",The bus because it's cheap and so I don't have to try and park anywhere
2026,2026,367,671f09a0434d49d3ca2f79350329db8b2ecf606fa94e3b27879e9dc01bec8555,-39.2336,177.0959,d4821a24190df96e427e943fe9db9c04b08efa1ea1abb786ab05620d0b4d9932,Neither agree nor disagree,Neither agree nor disagree,Somewhat disagree,Neither agree nor disagree,Somewhat disagree,Somewhat agree,Somewhat disagree,Somewhat agree,Somewhat disagree,Somewhat agree,Neither agree nor disagree,Somewhat disagree,0-1 days a month,1-2 rides in a typical day,Never,,Yes,Yes,"I would tell my friend to imagine how nervous the other party to the conversation might be. How would you make that person feel welcomed and included in any conversation. By placing yourself in the position of the others, you can help ease your own tension and nervousness by appreciating that everyone gets nervous and uncomfortable at times.","My ideal way to get around my city is either on foot for short distances and by vehicle for longer distances. This enables me to get in some exercise, save on fuel expenses, and give the car a good warm up on longer trips."
2026,2026,302,4cb8b07f8071eab18dd7a7f7ee1212d4e8e78ff52507360563f0448701303f50,41.1941,-74.2454,58ddfb550e33f2193b07cfc35be69753fc109c82f75f6054bf3807673435d08b,Somewhat disagree,Somewhat agree,Somewhat agree,Neither agree nor disagree,Somewhat agree,Somewhat agree,Somewhat agree,Neither agree nor disagree,Somewhat agree,Somewhat agree,Somewhat agree,Neither agree nor disagree,4-8 days a month,1-2 rides in a typical day,2-4 days a month,1-2 rides in a typical day,Yes,Yes,I would tell them to do it regardless as far as whatever they are delivering is valid. There is never a need to be afraid and after going through it there is most times a feeling of satisfaction.,My ideal way is usually going through routes that are less busy because I want to try my best to avoid traffic.
2026,2026,368,b6d54938b94d0adbcb01813bf80c4849137be84c6291f30554187f02ccfa8189,52.0935,-1.5051,1bebab78b372c7d756eb323cf750c7b97ecd336ccc29da840f155e22fc4e5200,Somewhat disagree,Somewhat agree,Somewhat agree,Somewhat agree,Somewhat agree,Somewhat agree,Somewhat agree,Somewhat agree,Neither agree nor disagree,Somewhat agree,Somewhat agree,Somewhat disagree,4-8 days a month,3-4 rides in a typical day,8 or more days a month,1-2 rides in a typical day,No,No,"Honestly i get nervous myself talking to new people so i wouldnt really know what to advice, for me i just try to be my self so yeah, be your self.",By train(underground or overgound) bus and cycling. its simply the easiest and fastest and quite cheap too.
2026,2026,271,e8a61aea00af45065eab0305f572ff74b6c2f3fe49aeb802f02ea5fb10692ce4,30.545299999999997,-91.1026,5dcb913ef602a61446ee04e04fc6db188af5a2dfcaaf3abd9e9bc80078ba6623,Somewhat disagree,Somewhat agree,Neither agree nor disagree,Neither agree nor disagree,Strongly disagree,Strongly agree,Strongly disagree,Strongly agree,Strongly disagree,Strongly agree,Strongly agree,Strongly disagree,Never,1-2 rides in a typical day,0-1 days a month,1-2 rides in a typical day,Yes,Yes,Take a few deep breaths to relax. Then pretend that you are talking to me.,"For short trips, I prefer to drive. For longer trips I prefer to ride with a friend or other."
2026,2026,98,a13372e41cae6910bb1fc6ba38b8fa4e5e53c260cfb518111b081ba5733398ac,51.255,-0.36350000000000005,05da04c1267fa77f081861196acde2320c54e0af947e9c82fea64f186945a6fa,Somewhat disagree,Somewhat agree,Neither agree nor disagree,Somewhat agree,Somewhat disagree,Somewhat agree,Somewhat agree,Somewhat agree,Somewhat disagree,Somewhat agree,Somewhat agree,Strongly disagree,2-4 days a month,1-2 rides in a typical day,Never,1-2 rides in a typical day,Yes,Yes,Be calm and pretend you already know them! ,I like to use public transport and walk. It’s a lot easier and cheaper then my own vehicle 
2026,2026,357,e7b8cf850947e73eecc5c914f117ed79c23f0e0833be8cf51a8da57e5e4fd8f8,25.4622,-79.2156,940f2ecfedf2425fbd21e53a0d3b975c3fc2141e42ab9cf8c3fd2ec188894e95,Somewhat disagree,Strongly agree,Somewhat disagree,Somewhat agree,Somewhat disagree,Somewhat agree,Strongly disagree,Strongly agree,Strongly disagree,Somewhat agree,Somewhat agree,Strongly disagree,0-1 days a month,1-2 rides in a typical day,0-1 days a month,1-2 rides in a typical day,Yes,Yes,I would say focus on asking that person questions open ended people love to talk about themselves trust me they’re not that interested in you. There’s nothing to be nervous about.. there have been certain occasions where I’ve taken a rideshare like Uber or Lyft.,"My area the best way to get around for me is by car there’s not much much public transportation around everything where I live is very spread out. It’s like a giant suburb to even get to a bus stop. I think I have to walk like at least a mile, but I have my own car so I’m good.."
2026,2026,362,366994b994cc929a0f5fcac83b42f2cc19544646e687c631c74fa35b279fae15,54.5381,-1.1223,7dfdfd7f07e930a434c712769a89f05e9e7f38bc7734f99d9c329694668081e9,Somewhat agree,Somewhat disagree,Somewhat disagree,Somewhat disagree,Somewhat disagree,Somewhat agree,Somewhat agree,Somewhat disagree,Somewhat disagree,Somewhat agree,Somewhat disagree,Somewhat disagree,0-1 days a month,1-2 rides in a typical day,0-1 days a month,1-2 rides in a typical day,Yes,Yes,It's normal to feel nervous when meeting new people. People can be self-conscious. You can use open ended conversations and you can ask open ended questions. Confidence grows as you have these conversations more! ,My ideal way to get around my city is by driving because it gives me the most flexibility. I can travel direct to my destination and I am not time limited to catch a bus. I enjoy having my own private space and feel less stressful. 
2026,2026,390,89b8f2223426b3a752392a11d52ed38b55f34f340746487fc43d021d854a1a32,48.6578,-123.23209999999999,96c3fb9271fa667eb5ace8a2b2082e34ec0fbfd6b738717ccb3a8ca47a760a1d,Somewhat disagree,Somewhat agree,Strongly disagree,Strongly agree,Somewhat disagree,Somewhat agree,Neither agree nor disagree,Somewhat agree,Neither agree nor disagree,Somewhat agree,Somewhat agree,Somewhat disagree,4-8 days a month,3-4 rides in a typical day,2-4 days a month,1-2 rides in a typical day,Yes,Yes,"If they had a nervous feeling regarding speaking with new people I would explain to them that most people think more about themselves than they do about you. Confidence and bravado do the heavy lifting and feeling like what you have to say is important and others will be better off for hearing it can really do a lot of the heavy lifting. In many cases people want to have a social interaction and are willing to work with you through the awkward bits of a conversation if it means the interaction can continue. We are social creatures and it takes a bit of courage for some, but over time it is a skill you can get better at and eventually you will be speaking with many different types of people and find common ground with anyone. It is a rewarding experience speaking with other people and can benefit your life greatly. ",I personally love a mixture of walking and public transit. Often driving can be more comfortable or convenient but parking can be expensive and time consuming to obtain. So transit is much more viable in most cases for me. 
2026,2026,424,e9dd95ad9b4bf75d4a11ebe5f7ebba310a26ec3ba18d51de90616e267e6660eb,31.493000000000002,-111.2679,d37d0766146900c6ea0144a12b8c8e0b63c95cd13436ef243274ba9d1f6415ee,Neither agree nor disagree,Somewhat agree,Somewhat disagree,Neither agree nor disagree,Somewhat disagree,Somewhat agree,Strongly disagree,Somewhat agree,Somewhat disagree,Strongly agree,Strongly agree,Strongly disagree,Never,1-2 rides in a typical day,2-4 days a month,1-2 rides in a typical day,Yes,Yes,"Do some calming breath work beforehand. In most cases, you fear being judged much more than it will even actually happen. Try to take a moment before responding to any comments or questions and always ask a lot of questions of the other person. This approach shows that you have genuine interest and puts everyone at ease more. "," I rely on my vehicle and it is my primary form of transportation where I live. The bus system is out of the question due to safety concerns and though I do enjoy certain trails and paths for biking, they are speciic and for recreation, not for daily transport. There are no rail systems where I live except in the downtown area which is irrelevant to me. "
2026,2026,397,c4f067e78610acb5687c9d22964143d113c68b3136ac251241917704ab6268eb,58.4319,-6.8488999999999995,505a243c6f4e4918dc2decd08f5c95a167dacaa40483af6ceb36b3f68c5d4e53,Somewhat agree,Somewhat disagree,Strongly agree,Somewhat disagree,Strongly agree,Strongly disagree,Strongly agree,Somewhat disagree,Somewhat agree,Somewhat disagree,Strongly disagree,Somewhat agree,8 or more days a month,3-4 rides in a typical day,0-1 days a month,1-2 rides in a typical day,Yes,Yes,"I'm not sure I'm the best person to give advice about this, but I would probably say that it comes with practise. Although I am not very comfortable with it yet, I feel that I am still a lot better at talking to new people than I was last year. I would say that people are usually interested in hearing what you have to say and are willing to help you, so try to think of it that way which might help with anxiety. I would also suggest visualising talking to new people and it going well with you making a good impression, which can help to settle things in your mind.","I think the ideal way is to travel via bus. The bus routes in my city are very well developed and extensive, so you can get pretty much anywhere by bus. The buses are a lock quicker than cars or ride share platforms because of the bus lanes that are on a lot of the roads. I also think it is better for the environment to use public transport when possible. I actually enjoy taking the bus as well as it gives me a chance to relax and listen to my music."
2026,2026,159,a0391d8ef3e7d1571d3dd846c90846166c6eaea18dbf1e09ac218c98e1b851fb,50.6007,-113.1972,7176cbe5675119100c051cec9cf0ccc6ffeea0f58eaad99a7ad469bdbe59eefc,Somewhat agree,Somewhat disagree,Somewhat agree,Somewhat disagree,Somewhat agree,Somewhat disagree,Somewhat agree,Somewhat disagree,Somewhat agree,Somewhat disagree,Somewhat disagree,Somewhat agree,0-1 days a month,1-2 rides in a typical day,2-4 days a month,1-2 rides in a typical day,Yes,Yes,"I would tell them that people are often most worried and concerned about themselves - so don't be too worried, because these new people may also feel the same away - in fact, maybe you can use the shared nervousness as an ice-breaker.",I live in an urban area of a large city. My preferred way to get around is to walk if something is within 20-30 minutes of walking distance and the weather is agreeable. This allows me to enjoy the surroundings and feel like I am part of city life.
2026,2026,323,baf733d25392aa10e671f405cd1d5faefda3315cfd6e9c7adad632faecaa0b8f,46.2153,-122.54480000000001,257a851f7e92bf8d22dd89f8a8265b75669dd7176d03a05bc400e037eabb3008,Strongly disagree,Strongly agree,Somewhat disagree,Strongly agree,Somewhat disagree,Somewhat agree,Strongly disagree,Somewhat agree,Strongly disagree,Strongly agree,Somewhat agree,Strongly disagree,Never,1-2 rides in a typical day,4-8 days a month,1-2 rides in a typical day,Yes,Yes,"I would tell them to have a few topics or prepared scripts they can rely on to make it easier. The unknown is often the scary part, but if you feel prepared you can relax and the rest will flow. Ask questions, respond to what the other person says with some enthusiasm and you will most often find you have at least one thing in common. ","My ideal way to get around a city is by train. I prefer it because someone else is ""driving"" and that allows me to not get frustrated from other driver's behavior/actions on the road. I prefer it because it's the most efficient system to move a lot of people at once and it has so many other cascading benefits. I wish we had a richly developed train system in cities and to other major cities. It would be life changing for society if the US had a train system like Japan does. "
2026,2026,382,0bbb566fb3c7234f4485c68df64ff01b72aa6ac19cfcebe2de121bbb26851d0b,37.650999999999996,-97.902,6caf5ef75550ac72a08b5c69aab9659e5daa9b61c8f5a4a47627ef8630dced38,Strongly disagree,Strongly agree,Neither agree nor disagree,Strongly agree,Somewhat agree,Strongly agree,Somewhat agree,Strongly agree,Somewhat disagree,Strongly agree,Neither agree nor disagree,Strongly disagree,8 or more days a month,1-2 rides in a typical day,4-8 days a month,1-2 rides in a typical day,Yes,Yes,Breath in and out and talk in a moderate pace.,walking. It is good for me to keep fit.
2026,2026,438,d6c7066e621455672a641a7998b17a939a64d9c64dc6250fb826ee17e4b6e87b,52.5809,-1.3874,706d491160251e65c2e6100abb167a5ea5e5164111af26d27502e02e1ebad036,Somewhat disagree,Somewhat agree,Somewhat agree,Somewhat agree,Somewhat agree,Somewhat disagree,Somewhat agree,Somewhat agree,Strongly disagree,Strongly agree,Somewhat disagree,Somewhat agree,8 or more days a month,3-4 rides in a typical day,4-8 days a month,1-2 rides in a typical day,Yes,Yes,"I would encourage them to calm down first, take deep breaths and relax their muscles. I would also encourage them to remain calm for the whole interaction.","When I am late, I prefer using an uber to get me through the city. But if I have most time I use public transport. Sometimes I use my car often when I am aware roads are not jammed with traffic."
2026,2026,468,90e5cc2c1f81243d5751f0ed932edb030d3957a4fcec2df46a76d9d50457982d,51.9485,0.4465,247752584b0f1056a1252063ca44aec54c1542e029709ec4d018d3b509f2abe0,Somewhat disagree,Somewhat agree,Somewhat disagree,Somewhat agree,Neither agree nor disagree,Somewhat agree,Strongly disagree,Somewhat agree,Strongly disagree,Strongly agree,Somewhat agree,Somewhat disagree,4-8 days a month,1-2 rides in a typical day,Never,1-2 rides in a typical day,Yes,Yes,"I would tell them that its a normal way to feel and that it's likely the other will feel similarly. I would suggest to start with simple and basic open ended questions to encourage other people to speak and feel as though you have an interest in themas people usually appreciate this type of thing. Also, don't try to have a perfect conversation, just simple and polite chatting with new people is usually enough to leave a good impression.","Ideally I would like to take efficient public transport as I like to trave, without feeling tied to a personal vehicle. I especially like being able to walk to my destinations quickly as it makes things feel much more accessible. However if a city has bad public transport I would most likely prefer a car as I would feel more in control. "
2026,2026,431,f979c4b35cf870a44318b42ccdbdf91fd2fa0b4c1e832501eceece05e5c0a8c9,43.6967,-78.6404,78658c9aa04078524d959ce38d2eacab4775d10f6612ff2d75d9773a56af4e9e,Neither agree nor disagree,Neither agree nor disagree,Neither agree nor disagree,Neither agree nor disagree,Somewhat agree,Somewhat agree,Neither agree nor disagree,Somewhat agree,Neither agree nor disagree,Somewhat agree,Neither agree nor disagree,Somewhat disagree,4-8 days a month,3-4 rides in a typical day,2-4 days a month,1-2 rides in a typical day,No,No,"It's very normal to feel nervous, focus on curiosity and ask questions you wanna know about rather than being too worried about saying the wrong thing ",My favourite way is biking around the city its fast and easy while also getting a workout in and my second way would be taking the public transit 
2026,2026,444,042b5d28b31cda36f94e704e5c4f6d04a65551f0f948164048093a4cd0abdeaa,34.8222,-79.94630000000001,2d13abc9df82d5cbd3ea48f97af76cc76d11d066cf58229135bc36f7a6efbd60,Somewhat agree,Somewhat disagree,Neither agree nor disagree,Somewhat disagree,Neither agree nor disagree,Somewhat disagree,Somewhat disagree,Somewhat agree,Somewhat disagree,Somewhat agree,Neither agree nor disagree,Neither agree nor disagree,Never,1-2 rides in a typical day,Never,1-2 rides in a typical day,Yes,Yes,Prepare yourself mentally to be in a situation that may make you nervous. When entering the location you are expecting to have these nerve inducing talks take a deep breath and tell your self you are confident and will listen to what is being said and think about your response and all will be fine.,"Other than a personal vehicle, walking is probably the best way to get around in my small downtown area. You could take a short 1 mile Uber ride if you ad to."
2026,2026,162,0bd9ed7fc049aaaa4c33a38908522dd613d83fd3b1c5cdd579d9640853525091,33.9587,-97.37530000000001,b46b19189df611ea38d8c74ac82ea8f8a9bc11ba8918b8f73ebcbcdf50407bfd,Somewhat disagree,Somewhat agree,Somewhat disagree,Somewhat agree,Somewhat disagree,Somewhat agree,Somewhat disagree,Neither agree nor disagree,Somewhat disagree,Somewhat agree,Somewhat agree,Somewhat disagree,0-1 days a month,1-2 rides in a typical day,0-1 days a month,1-2 rides in a typical day,Yes,Yes,"The only way to get over this is to actually engage with people; you need to get used to talking to new people, if you don't then you'll always be nervous when engaging in conversation. Start out with small groups first or maybe even one other person and slowly work your way up to larger groups and you'll be surprised at how comfortable you get once you get used to engaging with others.","I prefer driving my own car, I like the personal freedom, having access to my personal belongings and it just gives me a sense of independence that I don't get with personal transportation."
2026,2026,458,816e0a94b371dd88a65f5f3d8161a01a4fed446ed6b0cb15b3d4e62b9d016497,52.1218,0.9059999999999999,0f284a11b7b2b2da4c42bbe31390265ec35d22e54b2fc633371c6efa872d2745,Strongly disagree,Somewhat agree,Somewhat disagree,Strongly agree,Somewhat disagree,Strongly agree,Strongly disagree,Somewhat agree,Strongly disagree,Strongly agree,Strongly agree,Strongly disagree,0-1 days a month,1-2 rides in a typical day,2-4 days a month,1-2 rides in a typical day,Yes,Yes,"A lot of people can be nervous speaking to new people, potentially including the person you're talking to. It's much easier to make a good first impression on someone when you consider they likely want to make a good first impression on you too. If you can calm the tension and act friendly, they will likely do the same.","I like to drive in my car to get around my city because my city is designed to be very easy to drive in. There are not a lot of complicated road structures or areas in my city, so driving is very easy compared to other cities. "
2026,2026,469,7527c141204720bdd1fb7ed8ca9206f82f250844572b1171fea083645c3e8a72,50.7436,0.27369999999999994,a222ac047214b42649c047abe2d18324a05559ab8586a2b693f6babda1797d08,Somewhat disagree,Somewhat agree,Somewhat agree,Somewhat agree,Somewhat agree,Neither agree nor disagree,Somewhat disagree,Strongly agree,Somewhat disagree,Neither agree nor disagree,Somewhat agree,Strongly disagree,4-8 days a month,1-2 rides in a typical day,4-8 days a month,1-2 rides in a typical day,No,No,I will tell them to take their time and they do not need to stress. I will advise them to let the conversation flow naturally,I will order an uber ride if the destination is far. I also would take a bus if the distance is not too far
2026,2026,498,841c28b5cd5b551b0e86aeee3e6450b05564e8a8a6739630b004914c8f7e6465,51.4063,-0.8629000000000001,b98ca5b4373bfb40622d4b1690415a2ebfe94072d7603629c180c154064a7222,Somewhat agree,Somewhat disagree,Strongly agree,Somewhat disagree,Strongly agree,Strongly disagree,Somewhat disagree,Somewhat disagree,Somewhat disagree,Somewhat agree,Somewhat agree,Neither agree nor disagree,2-4 days a month,1-2 rides in a typical day,4-8 days a month,1-2 rides in a typical day,Yes,Yes,"I would generally tell them to think of simple questions to ask the other person, it means the other person will be talking more and gives you a chance to be comfortable while listening. It also makes the other person feel more comfortable, which I feel would be a benefit too.","It depends on how far I have to travel. If it's just a short distance, then I prefer to walk, most places are accessible this way and I generally enjoy walking, it gives me time to think. Otherwise, I will usually just use my car and drive to where I need to go.  I use a train for longer distances and an uber when I can't use my car."
2026,2026,523,1737e9733563505230be4e371695a5727c24c8ec341bf8559f9aebab56bb488e,51.4517,-0.7538,7baab1ca0bc909dbeab74231b3683f35fd6d416352d79b13fbe65bea9c535e12,Somewhat disagree,Somewhat agree,Neither agree nor disagree,Somewhat agree,Neither agree nor disagree,Somewhat agree,Somewhat agree,Somewhat agree,Neither agree nor disagree,Neither agree nor disagree,Somewhat agree,Somewhat disagree,4-8 days a month,3-4 rides in a typical day,2-4 days a month,3-4 rides in a typical day,No,No,just start with a small talk question and let the other person lead the conversation,"I prefer the bus, its affordable and not over cramped"
2026,2026,509,80b162dfc5eacf263e0736456cb1b9f6cb6fe976c0d8b54cf673aa18830ccf5e,36.4814,-115.471,bd6ad80b197d5bb5e3abd72993d5e117c08534f069529a84724f79e3a0ca4872,Neither agree nor disagree,Neither agree nor disagree,Somewhat disagree,Neither agree nor disagree,Somewhat disagree,Neither agree nor disagree,Somewhat disagree,Somewhat agree,Somewhat disagree,Neither agree nor disagree,Neither agree nor disagree,Somewhat disagree,Never,1-2 rides in a typical day,4-8 days a month,3-4 rides in a typical day,Yes,No,1) Don't talk to people. 2) Get over it. 3) Take a Communications and/or Public Speaking class. 4) Go to college where you learn to overcome such adversity. 5) Try teaching public High School.,"I am in Las Vegas. This is a driving/car city. Public transportation is too slow. It is hot during the summer months, so you can get heatstroke just waiting at a bus stop. A drunk driver totaled my car years ago, I never bought another car, and I live in chronic physical pain with vehicular anxiety just riding in cars, so I prefer to not be in vehicles. I sometimes take rideshares, and I used to drive rideshares before the crash. Driving rideshares is a great way to meet people, and also, per the previous question, talk with new people, and network."
2026,2026,483,06704c8cd2c57d863c68d1432f86f836cf755cdfe1e4bf0dda74935a509d3725,55.2704,-1.1632,86c8d0258ba1a9ed82ab48fa452db1a8705244d07052882f18191d19e06c5a65,Strongly disagree,Strongly agree,Neither agree nor disagree,Strongly agree,Neither agree nor disagree,Strongly agree,Strongly disagree,Somewhat disagree,Strongly disagree,Strongly agree,Strongly agree,Somewhat disagree,2-4 days a month,1-2 rides in a typical day,Never,1-2 rides in a typical day,Yes,Yes,"I would tell them to relax and take deep breaths. I would also suggest that they think of topics that they could talk to people about, something that they feel comfortable talking about but nothing that could cause contention. Stick to general topics such as the weather, shopping, fashion and such","The ideal way is to use the bus, as being a pensioner, it is free. Going by car may be quicker, but it incurs fuel and parking charges. Going by bus is also stress free and relaxing"
2026,2026,257,0cb69ca26d8476123ba83b959713c8f6570b285fafdf0c96f04f7b5b6afd6a2f,51.7943,0.29090000000000005,9948aab15a839b1f272b932661f00b2305c2606ac429fc15c63fdf4dea0529b6,Strongly disagree,Strongly agree,Strongly disagree,Strongly agree,Strongly disagree,Strongly agree,Strongly disagree,Strongly disagree,Strongly disagree,Strongly agree,Strongly agree,Strongly disagree,8 or more days a month,3-4 rides in a typical day,Never,1-2 rides in a typical day,Yes,Yes,"Be calm and gentle with yourself, don't overthink it. Smile and approach with your name and ask a simple question like how is your day",Mostly by buses and trains is very convenient to get around my city
2026,2026,428,47b32205ba86e4944063e26fde19bb7a7a71dac0bfb8e2592403ce2c74163575,57.594500000000004,-3.0774,fd2ed0e2cec9ac66ee6b8ed3883614c761eec83d2cadcb5dccb9c99038851155,Somewhat agree,Somewhat disagree,Somewhat agree,Somewhat disagree,Somewhat agree,Neither agree nor disagree,Somewhat agree,Somewhat disagree,Somewhat agree,Somewhat disagree,Somewhat disagree,Neither agree nor disagree,4-8 days a month,1-2 rides in a typical day,2-4 days a month,1-2 rides in a typical day,Yes,Yes,"Try to practice a few interesting conversation topics you can reuse and get comfortable with. Think about their response and try to follow up with a few general questions. They can be easy and cliche like ""where are you from"" but I like ""if you had to give a ted talk, what would it be on?"". Getting the other person to feel comfortable talking makes the conversation go a lot easier and takes the pressure off you. ",Personally I prefer to drive myself. I like the freedom to go where and when I want. Though there is something to be said for the relaxing nature of a bus when its not too full. 
2026,2026,507,d18ba04bc6833dfe6d77c52739894e535a6a1cbecd3e0056e5b5ca527d713a74,43.292100000000005,-79.3296,6a554c1a5b94a6468e92ee4b1c1e1d989244da092ea44259df405928e7b44ad4,Strongly disagree,Strongly agree,Strongly disagree,Strongly agree,Somewhat agree,Strongly agree,Somewhat agree,Strongly agree,Somewhat disagree,Strongly agree,Strongly agree,Strongly disagree,4-8 days a month,1-2 rides in a typical day,2-4 days a month,3-4 rides in a typical day,Yes,Yes,"it's normal to feel nervous. start with small conversations, ask simple questions, and remember the confidence grows with practice. most people are friendlier and less judgmental than you think","my ideal way to get around my city is by public transportation because it is affordable, convenient and reduce traffic. it also allows me to relax instead of focusing on driving"
2026,2026,505,be5dab274661bfa6fd0bf7af109dc540c8ce17669c5f0143764b9b8e49f4cfdf,50.3462,-0.7511,9466411e5313615413fdaf234abf75edd0a268b5282f809ee9adf221438233cf,Somewhat agree,Somewhat disagree,Strongly agree,Strongly disagree,Strongly agree,Strongly disagree,Somewhat agree,Strongly disagree,Strongly agree,Strongly disagree,Strongly disagree,Strongly agree,2-4 days a month,1-2 rides in a typical day,Never,1-2 rides in a typical day,Yes,No,Think what you want to say and keep repeating it to yourself in your head until it becomes easy to remember and then just say it out load still to yourself and forget the new people.Just look up into space when you say it.,By bus….you can relax and take in all the sites that you never see when driving or walking.
2026,2026,520,8bfa083e36366f86f5a8198c86a3cfbf00e469faad5b7516cf2274e9a3c2c612,50.6802,-0.6436,402085372945bde1c929c547b95cc7cd38bd9fd9dc13138186d5238981f0109d,Strongly disagree,Strongly agree,Strongly disagree,Strongly agree,Strongly disagree,Strongly agree,Strongly disagree,Strongly agree,Strongly disagree,Strongly agree,Strongly agree,Strongly disagree,2-4 days a month,1-2 rides in a typical day,0-1 days a month,1-2 rides in a typical day,Yes,Yes,"I would advise them to relax, be themselves and be friendly. It is just another human being like you that you are talking to, nothing about that is scary or intimidating even though you don't know them, by talking to them you soon will. ","I am a great believer in using my own 'horse power' for getting around. A lot of the time that is walking because whilst walking you can see and appreciate your surroundings in a calm way without the irritations of traffic or being stuck in a car which would distract you from the beauty around you. If I don't walk I will tend to cycle as much as possible because being in the open and fresh air you are getting exercise, benefiting your health and helping the environment too."
2026,2026,584,de9fe2d1d676e13bec49082c91930909e626c8d199a855c276b20826f1b207e1,42.2354,-87.7161,314d41b4f14c666f1d6082ec3e1d9127b12f1c0c921409a34cbbd26997f99e57,Strongly disagree,Strongly agree,Strongly disagree,Somewhat agree,Somewhat disagree,Somewhat agree,Somewhat disagree,Neither agree nor disagree,Neither agree nor disagree,Somewhat agree,Neither agree nor disagree,Somewhat disagree,Never,1-2 rides in a typical day,Never,1-2 rides in a typical day,Yes,Yes,Try and be open. You should find a commonality and shared experiences to break the ice.,I like to walk because it I can see more. I can burn more calories.
2026,2026,556,ae97b4b1988f2ca5abad407b667caadc500dd9469ea557bb67d16241a739c064,39.9776,-77.1386,5c9a0d6fae82619662421f2613ac6475eb5c293d7e9462bbcf91012649a3aaeb,Somewhat disagree,Somewhat agree,Somewhat disagree,Somewhat agree,Somewhat disagree,Somewhat agree,Strongly disagree,Somewhat agree,Strongly disagree,Strongly agree,Strongly agree,Strongly disagree,2-4 days a month,1-2 rides in a typical day,2-4 days a month,1-2 rides in a typical day,Yes,Yes,"Don't put too much pressure on yourself and don't be afraid of awkward moments, they happen to everyone. Ask simple questions and let the conversation flow naturally. Building confidence takes practice, and every interaction helps.",I prefer driving myself since I own my own car and it's more convenient as well as efficient. It saves time is the most flexible option. I like being able to go wherever I need without having to depend on anyone else. 
2026,2026,238,d4e89be4f47ca29ba0e6047c2b0ed0a3f3f510bd3137f33c68cee49e8c3352de,38.8057,-94.2862,5565f3acc7109a62e9868e3204ddd5477e6b2298571751b82a901e72f9eab5c5,Somewhat disagree,Somewhat agree,Somewhat disagree,Somewhat agree,Somewhat disagree,Somewhat agree,Somewhat disagree,Somewhat agree,Somewhat disagree,Somewhat agree,Somewhat agree,Somewhat disagree,Never,1-2 rides in a typical day,Never,1-2 rides in a typical day,No,Yes,"I would tell them to think about how all people feel nervous to one degree or another when talking to someone new, even those who hide it well behind a shield of acting confident. I would remind them that the other person is as nervous as they are about making a good impression.","I prefer to get around by car, but I have to rely on my housemate to drive me, so I mostly use services like Doordash to do my shopping and only ask my housemate for help when it's for something i can't order online."
2026,2026,568,074f5e0ae2c1058fec7b09dcc1ff23f2001d626c529e68f3f39730c0a37d513e,38.3514,-122.4554,f768a2857c62e65214728c40e9851135b31ffa3234b4a49f05f56c8b59f97d88,Strongly disagree,Strongly agree,Somewhat disagree,Strongly agree,Strongly disagree,Somewhat agree,Strongly disagree,,Strongly disagree,Strongly agree,Somewhat agree,Strongly disagree,2-4 days a month,1-2 rides in a typical day,2-4 days a month,1-2 rides in a typical day,Yes,Yes,"Reframe from impress to connect andd make it a mutual discovery. Ask open questions and stay curious. Use the 3-second rule: speak within 3 seconds of eye contact to stop anxiety spiraling. Prepare 2-3 anchor topics but do not script. Remember the spotlight effect, others barely notice your nerves, and slight hesitation seems authentic. Start with micro-risks, like chatting with cashiers, to desensitize fear. Take a long exhale before speaking to instantly calm yourself. Accept that not every conversation will click, that is just mismatched chemistry, not your failure. Nervousness means you care; channel it into curiosity. Each chat is practice for the next.","My ideal is a multimodal network: frequent light rail and bus rapid transit as the spine, with protected bike lanes and wide sidewalks for short trips, all integrated into a single tap‑to‑pay app. I prefer it because it cuts transport costs, reduces emissions, connects all neighborhoods equitably, and builds daily exercise into commutes. Protected bike lanes lower stress, and reliable transit makes car ownership optional. This system prioritizes people over parking, turning streets into public spaces and making travel predictable, affordable, and healthier for everyone.

"
2026,2026,465,7e3c7eaf31b214c6653abfa4168a17c82418651764abdb98bb1be1ca76bb6edb,41.2228,-73.36319999999999,0424a1fe863ac20a26a5fb9a66f0bb9528170412fbca70b5f5a01052ab761f26,Neither agree nor disagree,Strongly agree,Somewhat disagree,Somewhat agree,Somewhat disagree,Somewhat agree,Strongly disagree,Somewhat agree,Strongly disagree,Strongly agree,Somewhat agree,Somewhat disagree,8 or more days a month,1-2 rides in a typical day,Never,1-2 rides in a typical day,No,No,"Identify what it is that is causing the nervousness. Whether it's because of introversion, lack of interpersonal skills, etc. break it down into steps. Address them one by one & tackle each head on. Do this by actually getting out of your comfort zone & forcing yourself to talk to people (but don't go all in, take it easy in the beginning, & then challenge yourself).",I typically prefer walking as I no long have access to my bike (as it was stolen). I also take the train as it is convenient & affordable compared to talking ride-share. I live in a city that is walkable & has high access to public transportation.
2026,2026,288,ce4515cf88ff0552be5466815a06c550461d66db7ae090c77a72d0f41171d59b,30.6878,-90.9162,080c2c3082160c8ea3aeca8f6c3e1f76064080b1f650305e314eb5ecf5e2b7fb,Somewhat disagree,Strongly agree,Strongly disagree,Somewhat agree,Somewhat disagree,Somewhat agree,Strongly disagree,Somewhat agree,Strongly disagree,Somewhat agree,Somewhat agree,Strongly disagree,0-1 days a month,1-2 rides in a typical day,2-4 days a month,1-2 rides in a typical day,Yes,Yes,Just relax and remember that no one is a complete stranger until you begin talking to them. It’ll be okay. ,"I love walking in my city because it’s very walkable and friendly. It’s also easy to ride a bike, which are my two favorite ways to get around the city."
2026,2026,522,30f63480be9800f301aa6822d3e0a590ea990e2e303ae767e75c3b9173fbf2a5,33.725,75.466,0d9393e3e2e7e3c726c62a08237e1136d743f6da5b53145522669b62a66432c7,Somewhat disagree,Somewhat agree,Strongly disagree,Strongly agree,Strongly disagree,Strongly agree,Strongly disagree,Strongly agree,Strongly disagree,Strongly agree,Strongly agree,Strongly disagree,8 or more days a month,3-4 rides in a typical day,2-4 days a month,5-6 rides in a typical day,Yes,Yes,I would tell them that it is perfectly natural and advise them to ask open questions and listen actively. Being interested in the other person takes the focus away from them and makes the whole process easier,"In my case, the best combination involves the use of public transport and walking. Using public transport means that there will be no pressure related to parking, whereas walking enables me to breathe fresh air and do some physical activity"
2026,2026,629,4adc829d0feaa3742d8d71b9254f1c3f0859cdc41a686856ddb63742eed5f4ca,51.946200000000005,-1.6149,69a1e323f9ecf1f1a5394acbbb885e0746fa5239d75444deebcf14de1a4b3e05,Somewhat disagree,Somewhat agree,Somewhat agree,Somewhat agree,Somewhat agree,Somewhat disagree,Somewhat agree,Somewhat disagree,Somewhat disagree,Neither agree nor disagree,Neither agree nor disagree,Somewhat disagree,0-1 days a month,1-2 rides in a typical day,Never,1-2 rides in a typical day,Yes,Yes,"i would tell them to plan well ahead, make sure to think of question that could be asked that are a little outside of the box and have a reply ready. If they have all bases covered there will be less reason to panic and thumble through, also have people who you think could answer question better or give more insight on different parts and pass the question to them ",i prefer to drive into our local town as its a 15 minute drive then spend a few hours walking around before driving back home
2026,2026,640,d171ece2fcedac78aa4cce91f5b0fd4ec87d68a56d66b00373a8ca231e56553e,30.4312,-81.32289999999999,bdf2dbffa80ccd98b073ea135eb8798a9b6509bb9e6b467305a84a8d3cd3e29c,Somewhat agree,,Somewhat disagree,Somewhat agree,Somewhat disagree,Somewhat disagree,Somewhat agree,Neither agree nor disagree,Somewhat agree,Somewhat agree,Somewhat disagree,Somewhat disagree,4-8 days a month,1-2 rides in a typical day,2-4 days a month,1-2 rides in a typical day,No,No,Take your time and start off slow. it'll get easier the more you do it.,"I would prefer walking, but everything is spread out where it is"
2026,2026,618,b6e0f4c5f2cf953fc3e169228f3ae757c06fc733a3b9e4819614c77a4e59b749,18.1417,-66.327,4c702f1bd58b7e542476873c4b41f6170fdb954822b14b84236e7194735b41ee,Strongly disagree,Strongly agree,Strongly disagree,Somewhat agree,Strongly disagree,Strongly agree,Strongly disagree,Somewhat agree,Strongly disagree,Strongly agree,Somewhat agree,Strongly disagree,8 or more days a month,3-4 rides in a typical day,4-8 days a month,1-2 rides in a typical day,Yes,Yes,"I would tell them that most people are just trying to relate to you, and I think that people should approach conversations with that mindset. For the most part, people don't want to argue with you, they want to be open with you, and if you're open with them, they'll usually return the favor. ","I think it depends. I have a good bus route between my house and my work so for work I prefer that. Sometimes, if I'm not in a hurry, I'll use the bus to run errands, but if I'm in a hurry, and my husband has the car, I'll use uber or lyft."
2026,2026,595,af40576db52ff4f2e519e5cb5933574c3aa814909256b3ce5787fc4e3eff17d0,41.658300000000004,-87.8617,3bb5bd94cdf7e5ded69cbf4a7f9b15aacc0ba63c7b7376837812ea1ff6a8402d,Strongly disagree,Strongly agree,Neither agree nor disagree,Somewhat agree,Somewhat disagree,Somewhat agree,Somewhat agree,Somewhat disagree,Somewhat disagree,Somewhat agree,,Neither agree nor disagree,8 or more days a month,1-2 rides in a typical day,0-1 days a month,1-2 rides in a typical day,Yes,Yes,I would honestly tell them that it's okay to be nervous because the person you are talking to is most likely just as nervous as you are. It's okay to be nervous around new people. ,"In a city like mine, a large metropolitan city with 2.5 million people, the easiest way to get around the city is to take the trains, buses, and walking. It's honeslty the best way to get around because the streets are straight cheeks; limited space and have to pay to park everywhere."
2026,2026,534,469ce53e07808ed681948dc9c4173aeb3fc96a1017836ef1dc36bee374dd5dad,41.6996,-71.9946,67fe6359a2e5c6fd5f148e8483ded2a4551cb32f1fab7c6cd15cf89369e338e0,Somewhat disagree,Somewhat agree,Somewhat disagree,Somewhat agree,Somewhat disagree,Somewhat agree,Neither agree nor disagree,Somewhat agree,Strongly disagree,Strongly agree,Somewhat agree,Strongly disagree,8 or more days a month,1-2 rides in a typical day,2-4 days a month,1-2 rides in a typical day,No,No,"I actually think this is more to do with experience and less to do with mindset. Rather than seeking a strategy to make you less nervous, increase your exposure. Keep talking to new people and eventually the nerves will just go away.

If you insist that you would like some actionable advice for your next conversations, try the late Scott Adams' view point. Many people are just like you, nervous to talk to others. Very few are actively judging you. If you are at a party and are the one to start a conversation, even a basic thing like introducing yourself, you become in a small way a hero to that person, because you broke the ice with someone else who was nervous, and now they feel comfortable to talk. ","My city is fairly walkable so I do prefer to walk most of the time, at least in any season that's not winter. I also value getting sunlight, so walking for thirty minutes is appealing to me. If the distance is far enough, there is a reliable train service. It's typically clean and safe so I have no problem riding it. "
2026,2026,653,8ef4464446a17849e5f37f85f4008b2a429643f025428e2328bea5e66a1afd26,40.302600000000005,-73.6366,fb8e16c512cc50472676843fd43b3b3e722ab76eb2873211f28bba36b94af38d,Strongly disagree,Strongly agree,Strongly disagree,Strongly agree,Strongly agree,Strongly agree,Somewhat disagree,Strongly agree,Strongly disagree,Strongly agree,Strongly agree,Strongly disagree,8 or more days a month,1-2 rides in a typical day,4-8 days a month,1-2 rides in a typical day,Yes,Yes,That they should resist the fear of speaking their mind as it holds back very many possibilities in their life.,Using a shared ride moving  around makes me have a better experience
2026,2026,655,ad86663225a955fdb97f77fb6a1e93a0ce047c238583ab078d0c7ed1abe3dab5,47.59,18.4312,789fce3a683622fa8b6746497f41ded72a9777ff72da69bc013d31718c974d3a,Strongly disagree,Strongly agree,Strongly disagree,Strongly agree,Strongly disagree,Strongly agree,Somewhat agree,Strongly agree,Strongly disagree,Strongly agree,Strongly agree,Strongly disagree,8 or more days a month,3-4 rides in a typical day,2-4 days a month,1-2 rides in a typical day,Yes,Yes,"It is possible to feel nervous when talking to new people, and also overcoming the fear is very possible; all you need is to trust yourself and be confident, be ready to learn and to share ideas. With this, you can easily overcome the feeling of fear","Around the city, in small distances, riding a bicycle is very nice; for longer distances, taking a metro is best, as it is fast and on time. When you want to see the city and its features, you can take  a bus or tram and make sure you sit next to a window to be able to see the outside"
2026,2026,645,30038c9fe1620ac43bda20bf73555be5d04ed7e1834278db1aed9258df513255,52.2128,0.22619999999999998,ae636b7caa3a1f4b1d8d02b8887b1df36989ee6714199a4c9a09d1e0e7ac434a,Strongly agree,Strongly agree,Somewhat disagree,Strongly agree,Somewhat disagree,Somewhat agree,Neither agree nor disagree,Somewhat agree,Somewhat disagree,Somewhat agree,Neither agree nor disagree,Strongly disagree,8 or more days a month,1-2 rides in a typical day,2-4 days a month,1-2 rides in a typical day,Yes,Yes,I would tell them to just try and relax and take some deep breaths. I find it helpful to consciously try and down be more considered ,My ideal way to travel around is by cycling as it's the quickest and most efficient 
2026,2026,273,d164ef5dd87603b152ac5155bdf6ef1b7f47cb3d218d7f841b716d21231cfd70,40.5267,-74.9762,9e261399ca55b7c3ff0b2c3bc8d28b112142fc2147c4fdca061066cfd2db545e,Neither agree nor disagree,Somewhat agree,Somewhat disagree,Neither agree nor disagree,Somewhat disagree,Strongly agree,Strongly disagree,Strongly agree,Strongly disagree,Strongly agree,Strongly agree,Strongly disagree,Never,1-2 rides in a typical day,0-1 days a month,1-2 rides in a typical day,Yes,Yes,"Think about how someone else is probably nervous as well, and you shouldn't worry yourself over it.","I like to have some key points that I know I want to see, but also like natural exploration to come forth as well."
2026,2026,577,e4518c391e14d56c90dc9a658ded9d0212813dc289edc2158b003ce758a27a31,51.9362,-1.3224999999999998,37dda8998fc22f8d83e1b881b0e110ce99610c6e2d978653649e5d1f7bc1ac56,Strongly agree,Strongly disagree,Strongly agree,Strongly disagree,Strongly agree,Strongly disagree,Somewhat agree,Strongly disagree,Somewhat agree,Somewhat disagree,Somewhat disagree,Strongly agree,2-4 days a month,1-2 rides in a typical day,2-4 days a month,1-2 rides in a typical day,No,No,I would advise them to practice talking to people more in your day to day life. Speak with those you know well and feel comfortable with more so that you learn the gift of making conversation. Also look on YouTube and other places online for tips and instructional videos that will provide you with the knowledge and skills to improve speaking to new people. It is also worth writing down and practicing general topics you may be able to bring up and how to break the ice with new people. I find if you have things ready to talk about you will be less likely lost for words and not know what to say. It is also worth writing down what exactly is making you nervous as often visualising and recording what is making you afraid can actually be useful as you can work on the actual issue.,My ideal way to get around my city is to use the train. Mainly as the ride is far more comfortable and faster than travelling by bus and cheaper than travelling by car. It is also much less likely to be delayed than other transport in my experience and is ofen safer and cleaner than other public transport options. It is the one transport method you can relax in fully and switch your mind off.
2026,2026,743,ef3e659553ff06da013d5aa632e9be47dc7678b1c035b0fe3435331c7a2a2c53,53.8496,-0.9959999999999999,7d67595dafd055a5c675a1e71babbc1ff7903d5d45c0ffb32df228c012565f00,Somewhat agree,Somewhat disagree,Somewhat disagree,Neither agree nor disagree,Strongly agree,Somewhat disagree,Strongly agree,Somewhat disagree,Somewhat agree,Somewhat disagree,Somewhat disagree,Somewhat agree,2-4 days a month,1-2 rides in a typical day,0-1 days a month,1-2 rides in a typical day,No,No,"I would suggest just talking the way they do to an old friend or work colleague. The new person is probably a little nervous too, but once the initial first words are said you'll start to feel yourself relaxing . Deep breathing is also a big help at anxious times too. Try not to overthink the situation.","I like to make a mental note of the places of interest that I'd like to visit, and then brig up a map that shows how close they are in relation to each other.
If I feel that it is too long a distance to walk, I would hail an Uber to take me the rest of the way. I do think tht walking as much as possible gives you a real feel for the city and the people who livee there. You can take in more sights and smells and atmosphere when walking."
2026,2026,814,5e40b73ffb8dc8a057fefee28cd1e9eb611720e8a4a79a7860163ce60dfb9715,39.8328,-74.3132,37da04b700fbd436f4ad6baa1e67584ae8dc1bf2116c2449aff7e888942c6e5c,Somewhat agree,Somewhat disagree,Neither agree nor disagree,Somewhat disagree,Neither agree nor disagree,Somewhat disagree,Neither agree nor disagree,Somewhat disagree,Neither agree nor disagree,Somewhat disagree,Strongly disagree,Somewhat agree,8 or more days a month,1-2 rides in a typical day,Never,1-2 rides in a typical day,Yes,No,"Assuming you know ahead of time that you may meet new people, you can prepare conversation starters in the form of general questions. It's also best to be aware of the situation among meeting new people (like what event it is, the location, etc.). If it's a transaction where you are the customer but need help, you may need to mentally prepare exactly what you need help with. I personally have a script for those situations. If you somehow end up working a job facing customers, a script and rehearsals can also help. If the other people talk a lot and just simply never shut up, I find it easier to just let them talk and listen to them (nodding as they talk, maybe throw in an ""ah"" once in a while so it looks like I'm engaged in the conversation). But make sure you are actually listening and making mental notes of what they're saying because if they somehow rope you into the actively participating in the conversation with a random question, you may need need to go over your mental notes to respond. If you cannot respond and are panicking, don't forget to breathe and just inform them that you need to think about it (and then maybe excuse yourself and escape to the bathroom or something). ","I like taking the subway, I find the ride relaxing. Even though there are other people, everybody mind their own business. When I'm out and about, I like to walk. It's excellent exercise and pretty straight forward because most areas are laid out like a grid. "
2026,2026,877,d348b0c9e22a505ff8a24d185ff8cc9eb49af5419407c9d0371ef8188e5ce05d,50.2156,-119.05969999999999,f2ffbd64a7322a79869d9f06d634c07b812fcf49301f39dbb690062728c60099,Strongly disagree,Strongly agree,Strongly disagree,Strongly agree,Somewhat agree,Somewhat agree,Somewhat agree,Strongly agree,Somewhat disagree,Strongly agree,Somewhat agree,Strongly disagree,8 or more days a month,1-2 rides in a typical day,8 or more days a month,1-2 rides in a typical day,Yes,Yes,"Firstly, I would tell them it is very common and that confidence usually grows with practice rather than appearing all at once. So, one piece of advice is to shift focus away from trying to make a perfect impression. Instead, be curious about the other person. Asking simple, open-ended questions like ""What do you enjoy doing?"", or ""How do you know everyone here?"", or some stuffs like that.","My ideal way to around a  city is by using a combination of walking, public transportation, and cycling, depending on the distance and purpose of the trip. I like this approach because it is practical and environmental friendly, and allows me to experience the city more closely than i would from inside a car."
2026,2026,666,b89ab951dcc374d7b6328e6e0c67d92f73e388f14d4ae9a151eb47a683646c58,51.3075,0.39849999999999997,247ae23c4c4bb47c25a5d5e34cf2f31179dc318e8b2a2f3edb462c9f21df5060,Neither agree nor disagree,Strongly agree,Somewhat disagree,Somewhat agree,Somewhat disagree,Somewhat agree,Somewhat disagree,Somewhat disagree,Somewhat disagree,Somewhat agree,Somewhat agree,Strongly disagree,8 or more days a month,3-4 rides in a typical day,8 or more days a month,1-2 rides in a typical day,No,No,I would tell them to relax and focus on being themselves. Meeting new people is a vital skill. ,"I like getting lime bikes (electric bikes), especially if I'm in central London. "
2026,2026,282,2da8e09055ed7072b9ab51cfc529b76eee4230c9e11b35080bc79a62ddd96147,40.3272,-4.014,32284ade76d6973e58641037ac723bba4bb21173da4999ad6f751179232b46e5,Somewhat disagree,Somewhat agree,Neither agree nor disagree,Somewhat agree,Somewhat agree,Neither agree nor disagree,Somewhat disagree,Strongly agree,Somewhat disagree,Strongly agree,Somewhat agree,Strongly disagree,2-4 days a month,1-2 rides in a typical day,Never,1-2 rides in a typical day,Yes,Yes,Try to relax and that the person they meet may feel the same way.,"Local bus or walking, usually the latter once I get to the city."
2026,2026,1288,6bf7adb6a4f1695aafa0a409b13f232d4549ec22913b94e676a9cfbce03993c1,44.2739,-79.5574,de0e2dc1ec48e5b0096010c8f913793ee29d7a025d9b11685c4c6e00fd91b2c6,Neither agree nor disagree,Somewhat agree,Somewhat agree,Neither agree nor disagree,Somewhat agree,Somewhat agree,Somewhat agree,Neither agree nor disagree,Somewhat agree,Somewhat agree,Neither agree nor disagree,Neither agree nor disagree,2-4 days a month,3-4 rides in a typical day,0-1 days a month,1-2 rides in a typical day,Yes,Yes,Please calm and patience. Please honest with everyone.,I prefer to go in a Bus or in a Train.
